stair.thisTrialN,stair.stepSize,stair.intensity,thisRow.t,notes,trial.started,fixation.started,grating.started,key_resp.started,fixation.stopped,grating.stopped,trial.stopped,corrAns,tilt,key_resp.corr,stair.response,key_resp.rt,participant,session,date,expName,expVersion,psychopyVersion,frameRate,expStart,
0,2,10.0,0.031309900019550696,,0.012930099997902289,0.031309900019550696,0.5107410000055097,0.5107410000055097,0.5392382999998517,0.8223263999971095,2.525677199999336,left,-10.0,0,0,2.0086525000224356,001,001,2025-09-04_10h29.53.960,ADAPTIVESTAIRCASE,,2025.1.1,60.940680339146084,2025-09-04 10h30.02.290526 +0530,
1,1,1.0,2.5421666000038385,,2.5260123000189196,2.5421666000038385,3.0254649000125937,3.0254649000125937,3.042847200005781,,3.2425105000147596,right,1.0,1,1,0.21057460000156425,001,001,2025-09-04_10h29.53.960,ADAPTIVESTAIRCASE,,2025.1.1,60.940680339146084,2025-09-04 10h30.02.290526 +0530,
2,1,0.0,3.2590239999990445,,3.2428148000035435,3.2590239999990445,3.758494100009557,3.758494100009557,3.758494100009557,,3.793046200007666,left,-0.0,1,1,0.02296189998742193,001,001,2025-09-04_10h29.53.960,ADAPTIVESTAIRCASE,,2025.1.1,60.940680339146084,2025-09-04 10h30.02.290526 +0530,
3,1,0.0,3.8086400000029244,,3.793350100022508,3.8086400000029244,4.292484200006584,4.292484200006584,4.308697800006485,,4.4426514000224415,right,0.0,1,1,0.13454619998810813,001,001,2025-09-04_10h29.53.960,ADAPTIVESTAIRCASE,,2025.1.1,60.940680339146084,2025-09-04 10h30.02.290526 +0530,
4,1,0.0,4.459005900018383,,4.442964400019264,4.459005900018383,4.955760500015458,4.955760500015458,4.975806900009047,5.2587805000075605,5.475131700019119,right,0.0,1,1,0.5104453999956604,001,001,2025-09-04_10h29.53.960,ADAPTIVESTAIRCASE,,2025.1.1,60.940680339146084,2025-09-04 10h30.02.290526 +0530,
5,1,0.0,5.492020400008187,,5.475451000005705,5.492020400008187,5.975744399998803,5.975744399998803,5.991536900022766,6.275326600007247,6.276107800018508,right,0.0,1,1,0.28403129999060184,001,001,2025-09-04_10h29.53.960,ADAPTIVESTAIRCASE,,2025.1.1,60.940680339146084,2025-09-04 10h30.02.290526 +0530,
6,1,0.0,6.291682100010803,,6.2764010000100825,6.291682100010803,6.792300400004024,6.792300400004024,6.792300400004024,7.108594400022412,7.143419100000756,right,0.0,1,1,0.3364354000077583,001,001,2025-09-04_10h29.53.960,ADAPTIVESTAIRCASE,,2025.1.1,60.940680339146084,2025-09-04 10h30.02.290526 +0530,
7,1,0.0,7.159042800019961,,7.143774399999529,7.159042800019961,7.655398900009459,7.655398900009459,7.6754346000088844,,7.676179400004912,right,0.0,1,1,0.006524800002807751,001,001,2025-09-04_10h29.53.960,ADAPTIVESTAIRCASE,,2025.1.1,60.940680339146084,2025-09-04 10h30.02.290526 +0530,
8,1,0.0,7.692608000012115,,7.676486400014255,7.692608000012115,8.188354100013385,8.188354100013385,8.205746200022986,,8.275774100009585,left,-0.0,0,0,0.0713734999881126,001,001,2025-09-04_10h29.53.960,ADAPTIVESTAIRCASE,,2025.1.1,60.940680339146084,2025-09-04 10h30.02.290526 +0530,
9,1,1.0,8.291844200022751,,8.276093200023752,8.291844200022751,8.775809000013396,8.775809000013396,8.792009800003143,,8.842580600001384,left,-1.0,0,0,0.06001129999640398,001,001,2025-09-04_10h29.53.960,ADAPTIVESTAIRCASE,,2025.1.1,60.940680339146084,2025-09-04 10h30.02.290526 +0530,
10,1,1.0,8.858782000024803,,8.842887400009204,8.858782000024803,9.34158980002394,9.34158980002394,9.359543500002474,9.641035900014685,10.575706700008595,right,1.0,0,0,1.227120499999728,001,001,2025-09-04_10h29.53.960,ADAPTIVESTAIRCASE,,2025.1.1,60.940680339146084,2025-09-04 10h30.02.290526 +0530,
11,1,1.0,10.592250700021395,,10.576022200024454,10.592250700021395,11.075798300007591,11.075798300007591,11.091554500017082,,11.208643899997696,left,-1.0,0,0,0.1268726000271272,001,001,2025-09-04_10h29.53.960,ADAPTIVESTAIRCASE,,2025.1.1,60.940680339146084,2025-09-04 10h30.02.290526 +0530,
12,1,1.0,11.225546800007578,,11.208975500019733,11.225546800007578,11.708270600007381,11.708270600007381,11.724554200016428,,11.725214000005508,left,-1.0,1,1,0.012584100011736155,001,001,2025-09-04_10h29.53.960,ADAPTIVESTAIRCASE,,2025.1.1,60.940680339146084,2025-09-04 10h30.02.290526 +0530,
13,1,1.0,11.742098900023848,,11.72552910001832,11.742098900023848,12.224947700015036,12.224947700015036,12.241659300023457,12.52541630002088,12.692287100013345,right,1.0,0,0,0.4602616000047419,001,001,2025-09-04_10h29.53.960,ADAPTIVESTAIRCASE,,2025.1.1,60.940680339146084,2025-09-04 10h30.02.290526 +0530,
14,1,1.0,12.708574100019177,,12.692601300019305,12.708574100019177,13.19181610000669,13.19181610000669,13.208486700023059,,13.342358200025046,left,-1.0,0,0,0.14206499999272637,001,001,2025-09-04_10h29.53.960,ADAPTIVESTAIRCASE,,2025.1.1,60.940680339146084,2025-09-04 10h30.02.290526 +0530,
15,1,1.0,13.358970700006466,,13.34268610001891,13.358970700006466,13.85827060000156,13.85827060000156,13.874728499999037,,13.957711900002323,left,-1.0,1,1,0.09365799999795854,001,001,2025-09-04_10h29.53.960,ADAPTIVESTAIRCASE,,2025.1.1,60.940680339146084,2025-09-04 10h30.02.290526 +0530,
16,1,1.0,13.975448700017296,,13.958036800002446,13.975448700017296,14.458708100020885,14.458708100020885,14.475957300019218,,14.575272100017173,right,1.0,0,0,0.1059221999894362,001,001,2025-09-04_10h29.53.960,ADAPTIVESTAIRCASE,,2025.1.1,60.940680339146084,2025-09-04 10h30.02.290526 +0530,
17,1,1.0,14.592285899998387,,14.575577900017379,14.592285899998387,15.074986000021454,15.074986000021454,15.091193000000203,15.37598650000291,15.46376070001861,right,1.0,1,1,0.38460100002703257,001,001,2025-09-04_10h29.53.960,ADAPTIVESTAIRCASE,,2025.1.1,60.940680339146084,2025-09-04 10h30.02.290526 +0530,
18,1,1.0,15.479378400021233,,15.464263500005472,15.479378400021233,15.975044300023,15.975044300023,15.992050600005314,,16.07539050001651,right,1.0,0,0,0.09815110001363792,001,001,2025-09-04_10h29.53.960,ADAPTIVESTAIRCASE,,2025.1.1,60.940680339146084,2025-09-04 10h30.02.290526 +0530,
19,1,1.0,16.092077200009953,,16.075907300022664,16.092077200009953,16.57430020000902,16.57430020000902,16.607846700004302,,16.691983400000026,left,-1.0,1,1,0.10847269999794662,001,001,2025-09-04_10h29.53.960,ADAPTIVESTAIRCASE,,2025.1.1,60.940680339146084,2025-09-04 10h30.02.290526 +0530,
20,1,1.0,16.708463400020264,,16.692311400023755,16.708463400020264,17.192048700002488,17.192048700002488,17.20825640001567,,17.392419600015273,right,1.0,0,0,0.19141919998219237,001,001,2025-09-04_10h29.53.960,ADAPTIVESTAIRCASE,,2025.1.1,60.940680339146084,2025-09-04 10h30.02.290526 +0530,
21,1,1.0,17.409638900018763,,17.39285530001507,17.409638900018763,17.892338300007395,17.892338300007395,17.908775400021113,,17.97544960002415,left,-1.0,1,1,0.07738489998155273,001,001,2025-09-04_10h29.53.960,ADAPTIVESTAIRCASE,,2025.1.1,60.940680339146084,2025-09-04 10h30.02.290526 +0530,
22,1,1.0,17.99158110001008,,17.975772700010566,17.99158110001008,18.4751051000203,18.4751051000203,18.491987600020366,,18.609884400008013,left,-1.0,1,1,0.13422730000456795,001,001,2025-09-04_10h29.53.960,ADAPTIVESTAIRCASE,,2025.1.1,60.940680339146084,2025-09-04 10h30.02.290526 +0530,
23,0.5,1.0,18.62502659999882,,18.610185400000773,18.62502659999882,19.112736600014614,19.112736600014614,19.1261340000201,19.42456400001538,19.409422900003847,right,1.0,1,1,0.29076920001534745,001,001,2025-09-04_10h29.53.960,ADAPTIVESTAIRCASE,,2025.1.1,60.940680339146084,2025-09-04 10h30.02.290526 +0530,
24,0.5,0.5,19.42456400001538,,19.40973000001395,19.42456400001538,19.908162700012326,19.908162700012326,19.926510999997845,20.20848670002306,20.19310130001395,left,-0.5,1,1,0.27055089999339543,001,001,2025-09-04_10h29.53.960,ADAPTIVESTAIRCASE,,2025.1.1,60.940680339146084,2025-09-04 10h30.02.290526 +0530,
25,0.5,0.5,20.20848670002306,,20.19339990001754,20.20848670002306,20.708486500021536,20.708486500021536,20.708486500021536,21.008491500018863,21.009212800010573,left,-0.5,1,1,0.2936945999972522,001,001,2025-09-04_10h29.53.960,ADAPTIVESTAIRCASE,,2025.1.1,60.940680339146084,2025-09-04 10h30.02.290526 +0530,
26,0.5,0.5,21.025454000016907,,21.009511700016446,21.025454000016907,21.52486570001929,21.52486570001929,21.52486570001929,,21.59322130001965,left,-0.5,0,0,0.06368710001697764,001,001,2025-09-04_10h29.53.960,ADAPTIVESTAIRCASE,,2025.1.1,60.940680339146084,2025-09-04 10h30.02.290526 +0530,
27,0.5,1.0,21.609199700003956,,21.59353650000412,21.609199700003956,22.1084114999976,22.1084114999976,22.1084114999976,,22.16036300000269,left,-1.0,0,0,0.04907219999586232,001,001,2025-09-04_10h29.53.960,ADAPTIVESTAIRCASE,,2025.1.1,60.940680339146084,2025-09-04 10h30.02.290526 +0530,
28,0.5,1.0,22.175526700011687,,22.16066980001051,22.175526700011687,22.67542310000863,22.67542310000863,22.67542310000863,,22.70867420002469,left,-1.0,0,0,0.028339300013612956,001,001,2025-09-04_10h29.53.960,ADAPTIVESTAIRCASE,,2025.1.1,60.940680339146084,2025-09-04 10h30.02.290526 +0530,
29,0.5,1.0,22.724865500000305,,22.709015000000363,22.724865500000305,23.20894650000264,23.20894650000264,23.225514400022803,,23.359138300002087,left,-1.0,1,1,0.135924599977443,001,001,2025-09-04_10h29.53.960,ADAPTIVESTAIRCASE,,2025.1.1,60.940680339146084,2025-09-04 10h30.02.290526 +0530,
30,0.5,1.0,23.37580400001025,,23.35944890000974,23.37580400001025,23.858327100024326,23.858327100024326,23.875408599997172,,24.108646800013958,right,1.0,0,0,0.23842849998618476,001,001,2025-09-04_10h29.53.960,ADAPTIVESTAIRCASE,,2025.1.1,60.940680339146084,2025-09-04 10h30.02.290526 +0530,
31,0.5,1.0,24.125033700023778,,24.10896350000985,24.125033700023778,24.609405000024708,24.609405000024708,24.62509840002167,,24.62596270002541,right,1.0,0,0,0.0050623000133782625,001,001,2025-09-04_10h29.53.960,ADAPTIVESTAIRCASE,,2025.1.1,60.940680339146084,2025-09-04 10h30.02.290526 +0530,
32,0.5,1.0,24.6419859000016,,24.62627990002511,24.6419859000016,25.156445900007384,25.156445900007384,25.156445900007384,25.457927800016478,25.458801700006006,left,-1.0,0,0,0.286813600017922,001,001,2025-09-04_10h29.53.960,ADAPTIVESTAIRCASE,,2025.1.1,60.940680339146084,2025-09-04 10h30.02.290526 +0530,
33,0.5,1.0,25.47534890001407,,25.459103800007142,25.47534890001407,25.974347100011073,25.974347100011073,25.974347100011073,,26.143404800008284,left,-1.0,0,0,0.1653468000004068,001,001,2025-09-04_10h29.53.960,ADAPTIVESTAIRCASE,,2025.1.1,60.940680339146084,2025-09-04 10h30.02.290526 +0530,
34,0.5,1.0,26.155878000019584,,26.143732099997578,26.155878000019584,26.658955500024604,26.658955500024604,26.658955500024604,,26.77597090002382,right,1.0,0,0,0.10796470000059344,001,001,2025-09-04_10h29.53.960,ADAPTIVESTAIRCASE,,2025.1.1,60.940680339146084,2025-09-04 10h30.02.290526 +0530,
35,0.5,1.0,26.79200350001338,,26.77637269999832,26.79200350001338,27.29221929999767,27.29221929999767,27.29221929999767,27.592098000022816,28.04212520000874,left,-1.0,0,0,0.7407934000075329,001,001,2025-09-04_10h29.53.960,ADAPTIVESTAIRCASE,,2025.1.1,60.940680339146084,2025-09-04 10h30.02.290526 +0530,
36,0.5,1.0,28.05907560000196,,28.042427900014445,28.05907560000196,28.54201040000771,28.54201040000771,28.558033700013766,,28.57610370000475,right,1.0,1,1,0.03005579998716712,001,001,2025-09-04_10h29.53.960,ADAPTIVESTAIRCASE,,2025.1.1,60.940680339146084,2025-09-04 10h30.02.290526 +0530,
37,0.5,1.0,28.592238000012003,,28.576403300015954,28.592238000012003,29.075002500001574,29.075002500001574,29.091992300003767,,29.242880100006005,right,1.0,1,1,0.1635246000078041,001,001,2025-09-04_10h29.53.960,ADAPTIVESTAIRCASE,,2025.1.1,60.940680339146084,2025-09-04 10h30.02.290526 +0530,
38,0.5,1.0,29.25785230001202,,29.243193800008157,29.25785230001202,29.741347300005145,29.741347300005145,29.758502000011504,,29.925773299997672,left,-1.0,0,0,0.18086140000377782,001,001,2025-09-04_10h29.53.960,ADAPTIVESTAIRCASE,,2025.1.1,60.940680339146084,2025-09-04 10h30.02.290526 +0530,
39,0.5,1.0,29.941829800023697,,29.926087500003632,29.941829800023697,30.42513770001824,30.42513770001824,30.442592500010505,,30.626249300024938,left,-1.0,1,1,0.18387919999076985,001,001,2025-09-04_10h29.53.960,ADAPTIVESTAIRCASE,,2025.1.1,60.940680339146084,2025-09-04 10h30.02.290526 +0530,
40,0.5,1.0,30.64224660000764,,30.626674200000707,30.64224660000764,31.124831300025107,31.124831300025107,31.14204289999907,,31.28872229999979,right,1.0,1,1,0.160841699980665,001,001,2025-09-04_10h29.53.960,ADAPTIVESTAIRCASE,,2025.1.1,60.940680339146084,2025-09-04 10h30.02.290526 +0530,
41,0.5,1.0,31.30535880001844,,31.289026600017678,31.30535880001844,31.79612199999974,31.79612199999974,31.825966800010065,,31.82749620001414,right,1.0,0,0,0.0027828000020235777,001,001,2025-09-04_10h29.53.960,ADAPTIVESTAIRCASE,,2025.1.1,60.940680339146084,2025-09-04 10h30.02.290526 +0530,
42,0.5,1.0,31.843908100010594,,31.8279870999977,31.843908100010594,32.32771100001992,32.32771100001992,32.34499660000438,,32.44609500002116,left,-1.0,1,1,0.10856780002359301,001,001,2025-09-04_10h29.53.960,ADAPTIVESTAIRCASE,,2025.1.1,60.940680339146084,2025-09-04 10h30.02.290526 +0530,
43,0.5,1.0,32.46194930002093,,32.44657550001284,32.46194930002093,32.9616195000126,32.9616195000126,32.9616195000126,,33.113122900016606,left,-1.0,1,1,0.13672769998083822,001,001,2025-09-04_10h29.53.960,ADAPTIVESTAIRCASE,,2025.1.1,60.940680339146084,2025-09-04 10h30.02.290526 +0530,
44,0.5,1.0,33.127909000002546,,33.113612700020894,33.127909000002546,33.628027500002645,33.628027500002645,33.628027500002645,33.927300300012575,34.19448320000083,left,-1.0,0,0,0.5571132999903057,001,001,2025-09-04_10h29.53.960,ADAPTIVESTAIRCASE,,2025.1.1,60.940680339146084,2025-09-04 10h30.02.290526 +0530,
45,0.5,1.0,34.211273300024914,,34.19529810000677,34.211273300024914,34.69466020000982,34.69466020000982,34.71119020000333,,34.86292140002479,left,-1.0,1,1,0.1638690000108909,001,001,2025-09-04_10h29.53.960,ADAPTIVESTAIRCASE,,2025.1.1,60.940680339146084,2025-09-04 10h30.02.290526 +0530,
46,0.5,1.0,34.87803270001314,,34.86337810000987,34.87803270001314,35.35891260000062,35.35891260000062,35.391969800024526,35.66081270002178,35.64322360002552,right,1.0,1,1,0.2726291000144556,001,001,2025-09-04_10h29.53.960,ADAPTIVESTAIRCASE,,2025.1.1,60.940680339146084,2025-09-04 10h30.02.290526 +0530,
47,0.5,1.0,35.66081270002178,,35.643501900020055,35.66081270002178,36.156978100014385,36.156978100014385,36.17283600001247,36.45812880000449,36.62514430002193,left,-1.0,0,0,0.4621033000003081,001,001,2025-09-04_10h29.53.960,ADAPTIVESTAIRCASE,,2025.1.1,60.940680339146084,2025-09-04 10h30.02.290526 +0530,
48,0.5,1.0,36.64203810002073,,36.625450000021374,36.64203810002073,37.125497000000905,37.125497000000905,37.141744400025345,,37.392019300023094,right,1.0,1,1,0.25397270001121797,001,001,2025-09-04_10h29.53.960,ADAPTIVESTAIRCASE,,2025.1.1,60.940680339146084,2025-09-04 10h30.02.290526 +0530,
49,0.5,1.0,37.40815170001588,,37.39231440000003,37.40815170001588,37.891785300016636,37.891785300016636,37.90822000001208,38.1917206000071,38.30827860001591,right,1.0,0,0,0.4131572999758646,001,001,2025-09-04_10h29.53.960,ADAPTIVESTAIRCASE,,2025.1.1,60.940680339146084,2025-09-04 10h30.02.290526 +0530,
50,0.5,1.0,38.32487910002237,,38.30863159999717,38.32487910002237,38.80598430000828,38.80598430000828,38.839751200022874,,39.02224640001077,right,1.0,1,1,0.21300970000447705,001,001,2025-09-04_10h29.53.960,ADAPTIVESTAIRCASE,,2025.1.1,60.940680339146084,2025-09-04 10h30.02.290526 +0530,
51,0.5,1.0,39.03963330000988,,39.0225541999971,39.03963330000988,39.52553650000482,39.52553650000482,39.54190420001396,,39.67567230001441,right,1.0,0,0,0.14336119999643415,001,001,2025-09-04_10h29.53.960,ADAPTIVESTAIRCASE,,2025.1.1,60.940680339146084,2025-09-04 10h30.02.290526 +0530,
52,0.5,1.0,39.6926365000254,,39.67598490000819,39.6926365000254,40.175136600009864,40.175136600009864,40.19174860001658,,40.27565950001008,left,-1.0,1,1,0.08476460000383668,001,001,2025-09-04_10h29.53.960,ADAPTIVESTAIRCASE,,2025.1.1,60.940680339146084,2025-09-04 10h30.02.290526 +0530,
53,0.5,1.0,40.291742300003534,,40.275964700005716,40.291742300003534,40.77415460001794,40.77415460001794,40.791500600025756,,40.94273010001052,left,-1.0,1,1,0.16546920000109822,001,001,2025-09-04_10h29.53.960,ADAPTIVESTAIRCASE,,2025.1.1,60.940680339146084,2025-09-04 10h30.02.290526 +0530,
54,0.5,1.0,40.95846419999725,,40.94306730001699,40.95846419999725,41.45805450002081,41.45805450002081,41.45805450002081,,41.70830350002507,left,-1.0,1,1,0.2346331000153441,001,001,2025-09-04_10h29.53.960,ADAPTIVESTAIRCASE,,2025.1.1,60.940680339146084,2025-09-04 10h30.02.290526 +0530,
55,0.5,0.5,41.72414130001562,,41.70861450000666,41.72414130001562,42.208180000016,42.208180000016,42.224553400010336,,42.391293000022415,right,0.5,0,0,0.1703927000053227,001,001,2025-09-04_10h29.53.960,ADAPTIVESTAIRCASE,,2025.1.1,60.940680339146084,2025-09-04 10h30.02.290526 +0530,
56,0.5,1.0,42.40779389999807,,42.391608800011454,42.40779389999807,42.89126270002453,42.89126270002453,42.9083206000214,,43.025158200005535,left,-1.0,1,1,0.12446550000458956,001,001,2025-09-04_10h29.53.960,ADAPTIVESTAIRCASE,,2025.1.1,60.940680339146084,2025-09-04 10h30.02.290526 +0530,
57,0.5,1.0,43.04127950000111,,43.025475400005234,43.04127950000111,43.52451000001747,43.52451000001747,43.54145600000629,,43.725800700020045,left,-1.0,0,0,0.19578639999963343,001,001,2025-09-04_10h29.53.960,ADAPTIVESTAIRCASE,,2025.1.1,60.940680339146084,2025-09-04 10h30.02.290526 +0530,
58,0.5,1.0,43.74167020001914,,43.72610570001416,43.74167020001914,44.227238000021316,44.227238000021316,44.24102720001247,,44.38060120001319,left,-1.0,0,0,0.14262709999457002,001,001,2025-09-04_10h29.53.960,ADAPTIVESTAIRCASE,,2025.1.1,60.940680339146084,2025-09-04 10h30.02.290526 +0530,
59,0.5,1.0,44.39317530000699,,44.380894300004,44.39317530000699,44.89356290001888,44.89356290001888,44.89356290001888,,44.943370799999684,right,1.0,0,0,0.03551859999424778,001,001,2025-09-04_10h29.53.960,ADAPTIVESTAIRCASE,,2025.1.1,60.940680339146084,2025-09-04 10h30.02.290526 +0530,
60,0.5,1.0,44.95902930002194,,44.94366820002324,44.95902930002194,45.46204690000741,45.46204690000741,45.46204690000741,,45.48039880002034,left,-1.0,0,0,0.0022437000006902963,001,001,2025-09-04_10h29.53.960,ADAPTIVESTAIRCASE,,2025.1.1,60.940680339146084,2025-09-04 10h30.02.290526 +0530,
61,0.5,1.0,45.49512460001279,,45.48094510001829,45.49512460001279,45.99450940001407,45.99450940001407,46.012072500016075,,46.02975180000067,left,-1.0,1,1,0.026017399999545887,001,001,2025-09-04_10h29.53.960,ADAPTIVESTAIRCASE,,2025.1.1,60.940680339146084,2025-09-04 10h30.02.290526 +0530,
62,0.5,1.0,46.0446911000181,,46.030269600014435,46.0446911000181,46.54427540002507,46.54427540002507,46.54427540002507,,46.64709490002133,left,-1.0,1,1,0.09756019999622367,001,001,2025-09-04_10h29.53.960,ADAPTIVESTAIRCASE,,2025.1.1,60.940680339146084,2025-09-04 10h30.02.290526 +0530,
63,0.5,1.0,46.66222690002178,,46.647578100004466,46.66222690002178,47.160948100005044,47.160948100005044,47.160948100005044,47.46221850000438,47.496194900013506,left,-1.0,1,1,0.3246701000025496,001,001,2025-09-04_10h29.53.960,ADAPTIVESTAIRCASE,,2025.1.1,60.940680339146084,2025-09-04 10h30.02.290526 +0530,
64,0.5,0.5,47.510813400003826,,47.49650360000669,47.510813400003826,48.011607000022195,48.011607000022195,48.02845750001143,,48.06316720001632,left,-0.5,0,0,0.04595530001097359,001,001,2025-09-04_10h29.53.960,ADAPTIVESTAIRCASE,,2025.1.1,60.940680339146084,2025-09-04 10h30.02.290526 +0530,
65,0.5,1.0,48.078004400013015,,48.0636679000163,48.078004400013015,48.57316220001667,48.57316220001667,48.58895440000924,48.878474500001175,49.008204100013245,left,-1.0,1,1,0.42211429998860694,001,001,2025-09-04_10h29.53.960,ADAPTIVESTAIRCASE,,2025.1.1,60.940680339146084,2025-09-04 10h30.02.290526 +0530,
66,0.5,1.0,49.024604500009445,,49.00850920000812,49.024604500009445,49.50842360002571,49.50842360002571,49.52543930002139,,49.55836450000061,left,-1.0,0,0,0.04365360000520013,001,001,2025-09-04_10h29.53.960,ADAPTIVESTAIRCASE,,2025.1.1,60.940680339146084,2025-09-04 10h30.02.290526 +0530,
67,0.5,1.0,49.57476710001356,,49.55868390001706,49.57476710001356,50.05528780000168,50.05528780000168,50.0892047000234,50.35837940001511,50.40958249999676,right,1.0,0,0,0.3499295999936294,001,001,2025-09-04_10h29.53.960,ADAPTIVESTAIRCASE,,2025.1.1,60.940680339146084,2025-09-04 10h30.02.290526 +0530,
68,0.5,1.0,50.424802300025476,,50.409821500012185,50.424802300025476,50.908059600013075,50.908059600013075,50.924391000007745,,51.17509180001798,left,-1.0,0,0,0.25962189998244867,001,001,2025-09-04_10h29.53.960,ADAPTIVESTAIRCASE,,2025.1.1,60.940680339146084,2025-09-04 10h30.02.290526 +0530,
69,0.5,1.0,51.19121840002481,,51.17551180001465,51.19121840002481,51.67538830000558,51.67538830000558,51.6918924000056,,51.842040200019255,right,1.0,0,0,0.15124049998121336,001,001,2025-09-04_10h29.53.960,ADAPTIVESTAIRCASE,,2025.1.1,60.940680339146084,2025-09-04 10h30.02.290526 +0530,
70,0.5,1.0,51.85838670001249,,51.84237480000593,51.85838670001249,52.34185740002431,52.34185740002431,52.35663460000069,52.64182260000962,54.9761576000019,right,1.0,1,1,2.6314975999994203,001,001,2025-09-04_10h29.53.960,ADAPTIVESTAIRCASE,,2025.1.1,60.940680339146084,2025-09-04 10h30.02.290526 +0530,
71,0.5,1.0,54.9916121000133,,54.97646370000439,54.9916121000133,55.4912134000042,55.4912134000042,55.4912134000042,55.79172020000988,56.45970400000806,right,1.0,1,1,0.961726900015492,001,001,2025-09-04_10h29.53.960,ADAPTIVESTAIRCASE,,2025.1.1,60.940680339146084,2025-09-04 10h30.02.290526 +0530,
72,0.5,1.0,56.47458590002498,,56.46000700001605,56.47458590002498,56.97427570002037,56.97427570002037,56.97427570002037,,57.075349200022174,left,-1.0,0,0,0.09851340000750497,001,001,2025-09-04_10h29.53.960,ADAPTIVESTAIRCASE,,2025.1.1,60.940680339146084,2025-09-04 10h30.02.290526 +0530,
73,0.5,1.0,57.09121290000621,,57.075664500007406,57.09121290000621,57.574509700003546,57.574509700003546,57.591184100019746,,57.72482680002577,left,-1.0,1,1,0.1437236999918241,001,001,2025-09-04_10h29.53.960,ADAPTIVESTAIRCASE,,2025.1.1,60.940680339146084,2025-09-04 10h30.02.290526 +0530,
74,0.5,1.0,57.74085380000179,,57.72513830001117,57.74085380000179,58.22401990002254,58.22401990002254,58.241012800019234,58.5243992000178,60.20798080001259,left,-1.0,0,0,1.9789737000246532,001,001,2025-09-04_10h29.53.960,ADAPTIVESTAIRCASE,,2025.1.1,60.940680339146084,2025-09-04 10h30.02.290526 +0530,
75,0.5,1.0,60.22525460002362,,60.208290100010345,60.22525460002362,60.70825480000349,60.70825480000349,60.72495450000861,,60.97508010000456,left,-1.0,1,1,0.2638307999877725,001,001,2025-09-04_10h29.53.960,ADAPTIVESTAIRCASE,,2025.1.1,60.940680339146084,2025-09-04 10h30.02.290526 +0530,
76,0.5,1.0,60.99156789999688,,60.975384100020165,60.99156789999688,61.47416000001249,61.47416000001249,61.491353700024774,61.774696400010725,62.40861130002304,right,1.0,1,1,0.932048400019994,001,001,2025-09-04_10h29.53.960,ADAPTIVESTAIRCASE,,2025.1.1,60.940680339146084,2025-09-04 10h30.02.290526 +0530,
77,0.5,1.0,62.42470810000668,,62.40892700001132,62.42470810000668,62.92496180001763,62.92496180001763,62.92496180001763,63.224630300013814,63.39243880001595,right,1.0,1,1,0.45199760000105016,001,001,2025-09-04_10h29.53.960,ADAPTIVESTAIRCASE,,2025.1.1,60.940680339146084,2025-09-04 10h30.02.290526 +0530,
78,0.5,0.5,63.40825269999914,,63.392746099998476,63.40825269999914,63.9082333999977,63.9082333999977,63.9082333999977,64.2080188000109,64.50819250001223,left,-0.5,0,0,0.5882867999898735,001,001,2025-09-04_10h29.53.960,ADAPTIVESTAIRCASE,,2025.1.1,60.940680339146084,2025-09-04 10h30.02.290526 +0530,
79,0.5,1.0,64.52455580001697,,64.50850160000846,64.52455580001697,65.00798880000366,65.00798880000366,65.02428930002498,65.3079684000113,67.90836860000854,left,-1.0,0,0,2.894571699987864,001,001,2025-09-04_10h29.53.960,ADAPTIVESTAIRCASE,,2025.1.1,60.940680339146084,2025-09-04 10h30.02.290526 +0530,
80,0.5,1.0,67.92536200000905,,67.90868750002119,67.92536200000905,68.42441500001587,68.42441500001587,68.42441500001587,68.72510810001404,68.77550090002478,left,-1.0,1,1,0.3350934000045527,001,001,2025-09-04_10h29.53.960,ADAPTIVESTAIRCASE,,2025.1.1,60.940680339146084,2025-09-04 10h30.02.290526 +0530,
81,0.5,1.0,68.79241710001952,,68.77580430000671,68.79241710001952,69.29142890000367,69.29142890000367,69.30808539999998,,69.50812440001755,left,-1.0,0,0,0.2079381000075955,001,001,2025-09-04_10h29.53.960,ADAPTIVESTAIRCASE,,2025.1.1,60.940680339146084,2025-09-04 10h30.02.290526 +0530,
82,0.5,1.0,69.52439299999969,,69.50843390001683,69.52439299999969,70.00765690000844,70.00765690000844,70.02439020000747,70.30552390002413,70.34133860000293,right,1.0,0,0,0.3178180000104476,001,001,2025-09-04_10h29.53.960,ADAPTIVESTAIRCASE,,2025.1.1,60.940680339146084,2025-09-04 10h30.02.290526 +0530,
83,0.5,1.0,70.35541790002026,,70.34164080000482,70.35541790002026,70.84034660001635,70.84034660001635,70.8580537000089,71.14130710001336,71.1419320999994,left,-1.0,1,1,0.2854112999921199,001,001,2025-09-04_10h29.53.960,ADAPTIVESTAIRCASE,,2025.1.1,60.940680339146084,2025-09-04 10h30.02.290526 +0530,
84,0.5,1.0,71.15837040002225,,71.14223870000569,71.15837040002225,71.64182260000962,71.64182260000962,71.65814949999913,,71.77618870002334,right,1.0,0,0,0.13011979998555034,001,001,2025-09-04_10h29.53.960,ADAPTIVESTAIRCASE,,2025.1.1,60.940680339146084,2025-09-04 10h30.02.290526 +0530,
85,0.5,1.0,71.79110750000109,,71.77649180000299,71.79110750000109,72.29123980001896,72.29123980001896,72.29123980001896,,72.37554269999964,left,-1.0,1,1,0.0754218999936711,001,001,2025-09-04_10h29.53.960,ADAPTIVESTAIRCASE,,2025.1.1,60.940680339146084,2025-09-04 10h30.02.290526 +0530,
86,0.5,1.0,72.39172610000242,,72.37585260000196,72.39172610000242,72.89113760000328,72.89113760000328,72.89113760000328,,73.09160450001946,right,1.0,0,0,0.19782100000884384,001,001,2025-09-04_10h29.53.960,ADAPTIVESTAIRCASE,,2025.1.1,60.940680339146084,2025-09-04 10h30.02.290526 +0530,
87,0.5,1.0,73.1084630000114,,73.0919120000035,73.1084630000114,73.59215740000946,73.59215740000946,73.60767630001646,,73.72161970002344,left,-1.0,1,1,0.11623120002332143,001,001,2025-09-04_10h29.53.960,ADAPTIVESTAIRCASE,,2025.1.1,60.940680339146084,2025-09-04 10h30.02.290526 +0530,
88,0.5,1.0,73.74171640002169,,73.7219036000024,73.74171640002169,74.2248394000053,74.2248394000053,74.24054660002002,,74.391849800013,left,-1.0,1,1,0.1644300000043586,001,001,2025-09-04_10h29.53.960,ADAPTIVESTAIRCASE,,2025.1.1,60.940680339146084,2025-09-04 10h30.02.290526 +0530,
89,0.5,1.0,74.40697500001988,,74.39215630001854,74.40697500001988,74.89035300002433,74.89035300002433,74.907434200024,,75.05949820001842,left,-1.0,1,1,0.1685447999916505,001,001,2025-09-04_10h29.53.960,ADAPTIVESTAIRCASE,,2025.1.1,60.940680339146084,2025-09-04 10h30.02.290526 +0530,
90,0.5,0.5,75.071887099999,,75.05976220002049,75.071887099999,75.57229140002164,75.57229140002164,75.57229140002164,,75.7597338000196,left,-0.5,1,1,0.18175909999990836,001,001,2025-09-04_10h29.53.960,ADAPTIVESTAIRCASE,,2025.1.1,60.940680339146084,2025-09-04 10h30.02.290526 +0530,
91,0.5,0.5,75.77650490001542,,75.76003620002302,75.77650490001542,76.27079780001077,76.27079780001077,76.2916957999987,,76.35883569999714,left,-0.5,1,1,0.08117289998335764,001,001,2025-09-04_10h29.53.960,ADAPTIVESTAIRCASE,,2025.1.1,60.940680339146084,2025-09-04 10h30.02.290526 +0530,
92,0.5,0.5,76.37420940000447,,76.35913480000454,76.37420940000447,76.8596115000255,76.8596115000255,76.87442990002455,,76.9403980000061,left,-0.5,0,0,0.07579570001689717,001,001,2025-09-04_10h29.53.960,ADAPTIVESTAIRCASE,,2025.1.1,60.940680339146084,2025-09-04 10h30.02.290526 +0530,
93,0.5,1.0,76.95503230000031,,76.94055700002355,76.95503230000031,77.44026719999965,77.44026719999965,77.45755300001474,,77.55941590000293,right,1.0,0,0,0.11787299998104572,001,001,2025-09-04_10h29.53.960,ADAPTIVESTAIRCASE,,2025.1.1,60.940680339146084,2025-09-04 10h30.02.290526 +0530,
94,0.5,1.0,77.57516990002478,,77.55973490001634,77.57516990002478,78.07470779999858,78.07470779999858,78.07470779999858,,78.27465940002003,right,1.0,0,0,0.18408990002353676,001,001,2025-09-04_10h29.53.960,ADAPTIVESTAIRCASE,,2025.1.1,60.940680339146084,2025-09-04 10h30.02.290526 +0530,
95,0.5,1.0,78.29034910001792,,78.27497620001668,78.29034910001792,78.77400830000988,78.77400830000988,78.79105950001394,,78.7917253000196,right,1.0,1,1,0.005703100003302097,001,001,2025-09-04_10h29.53.960,ADAPTIVESTAIRCASE,,2025.1.1,60.940680339146084,2025-09-04 10h30.02.290526 +0530,
96,0.5,1.0,78.80844310001703,,78.79205060002278,78.80844310001703,79.29172560002189,79.29172560002189,79.30747369999881,,79.30833190001431,right,1.0,1,1,0.0025208000151906163,001,001,2025-09-04_10h29.53.960,ADAPTIVESTAIRCASE,,2025.1.1,60.940680339146084,2025-09-04 10h30.02.290526 +0530,
97,0.5,1.0,79.32449570001336,,79.3086341000162,79.32449570001336,79.82154679999803,79.82154679999803,79.83838280002237,,80.04182730001048,right,1.0,1,1,0.20488219999242574,001,001,2025-09-04_10h29.53.960,ADAPTIVESTAIRCASE,,2025.1.1,60.940680339146084,2025-09-04 10h30.02.290526 +0530,
98,0.5,0.5,80.05835350000416,,80.04215520000434,80.05835350000416,80.5419856000226,80.5419856000226,80.55770689999918,80.85713300001225,80.9582959000254,left,-0.5,1,1,0.40833209999254905,001,001,2025-09-04_10h29.53.960,ADAPTIVESTAIRCASE,,2025.1.1,60.940680339146084,2025-09-04 10h30.02.290526 +0530,
99,0.5,0.5,80.9752500000177,,80.9586051000224,80.9752500000177,81.45728850000887,81.45728850000887,81.49133660001098,,81.71279710001545,left,-0.5,0,0,0.25075949999154545,001,001,2025-09-04_10h29.53.960,ADAPTIVESTAIRCASE,,2025.1.1,60.940680339146084,2025-09-04 10h30.02.290526 +0530,
