thisN,thisTrialN,thisRepN,mouse.x,mouse.y,mouse.leftButton,mouse.midButton,mouse.rightButton,mouse.time,mouse.clicked_name,trials.thisRepN,trials.thisTrialN,trials.thisN,trials.thisIndex,thisRow.t,notes,num_distr,trial.started,fixation.started,target.started,mouse.started,trial.stopped,trials.mouse.x,trials.mouse.y,trials.mouse.leftButton,trials.mouse.midButton,trials.mouse.rightButton,trials.mouse.time,trials.mouse.clicked_name,participant,session,date,expName,expVersion,psychopyVersion,frameRate,expStart,
0,0,0,[np.float64(0.365)],[np.float64(0.01125)],[1],[0],[0],[3.78149710000001],['target'],0,0,0,0,0.03980660000000569,,5,0.022556800000003818,0.03980660000000569,0.03980660000000569,0.022589499999995155,3.804183199999997,[np.float64(0.365)],[np.float64(0.01125)],[1],[0],[0],[3.78149710000001],['target'],004,001,2025-09-29_17h41.59.906,Visual Search Experiment Bhumika Bajaj AU2320057,,2025.1.1,59.920712912677246,2025-09-29 17h42.09.700073 +0530,
1,0,1,[np.float64(0.25)],[np.float64(-0.14)],[1],[0],[0],[1.9304249000000056],['target'],1,0,1,0,3.831619400000008,,5,3.820663400000001,3.831619400000008,3.831619400000008,0.016213899999996784,5.751178500000009,[np.float64(0.25)],[np.float64(-0.14)],[1],[0],[0],[1.9304249000000056],['target'],004,001,2025-09-29_17h41.59.906,Visual Search Experiment Bhumika Bajaj AU2320057,,2025.1.1,59.920712912677246,2025-09-29 17h42.09.700073 +0530,
2,0,2,[np.float64(0.14625)],[np.float64(0.1975)],[1],[0],[0],[2.3529199000000034],['target'],2,0,2,0,5.781978600000002,,5,5.7660293,5.781978600000002,5.781978600000002,0.014705599999999208,8.11906660000001,[np.float64(0.14625)],[np.float64(0.1975)],[1],[0],[0],[2.3529199000000034],['target'],004,001,2025-09-29_17h41.59.906,Visual Search Experiment Bhumika Bajaj AU2320057,,2025.1.1,59.920712912677246,2025-09-29 17h42.09.700073 +0530,
3,0,3,[np.float64(-0.39875)],[np.float64(-0.0975)],[1],[0],[0],[1.934251500000002],['target'],3,0,3,0,8.149130200000002,,5,8.1334595,8.149130200000002,8.149130200000002,0.014246499999998719,10.0677965,[np.float64(-0.39875)],[np.float64(-0.0975)],[1],[0],[0],[1.934251500000002],['target'],004,001,2025-09-29_17h41.59.906,Visual Search Experiment Bhumika Bajaj AU2320057,,2025.1.1,59.920712912677246,2025-09-29 17h42.09.700073 +0530,
4,0,4,[np.float64(0.2625)],[np.float64(0.135)],[1],[0],[0],[1.7438128999999947],['target'],4,0,4,0,10.098354999999998,,5,10.082956800000005,10.098354999999998,10.098354999999998,0.014999399999993557,11.82687460000001,[np.float64(0.2625)],[np.float64(0.135)],[1],[0],[0],[1.7438128999999947],['target'],004,001,2025-09-29_17h41.59.906,Visual Search Experiment Bhumika Bajaj AU2320057,,2025.1.1,59.920712912677246,2025-09-29 17h42.09.700073 +0530,
5,0,5,"[np.float64(0.1425), np.float64(0.12125)]","[np.float64(0.305), np.float64(0.33)]","[1, 1]","[0, 0]","[0, 0]","[1.7678372000000024, 3.596045799999999]","[None, 'target']",5,0,5,0,11.873670400000009,,10,11.85755730000001,11.873670400000009,11.873670400000009,0.0305035000000089,15.453710600000008,"[np.float64(0.1425), np.float64(0.12125)]","[np.float64(0.305), np.float64(0.33)]","[1, 1]","[0, 0]","[0, 0]","[1.7678372000000024, 3.596045799999999]","[None, 'target']",004,001,2025-09-29_17h41.59.906,Visual Search Experiment Bhumika Bajaj AU2320057,,2025.1.1,59.920712912677246,2025-09-29 17h42.09.700073 +0530,
6,0,6,[np.float64(0.4675)],[np.float64(0.20625)],[1],[0],[0],[1.8982757999999933],['target'],6,0,6,0,15.482344900000001,,5,15.469782300000006,15.482344900000001,15.482344900000001,0.015812699999997903,17.3681742,[np.float64(0.4675)],[np.float64(0.20625)],[1],[0],[0],[1.8982757999999933],['target'],004,001,2025-09-29_17h41.59.906,Visual Search Experiment Bhumika Bajaj AU2320057,,2025.1.1,59.920712912677246,2025-09-29 17h42.09.700073 +0530,
7,0,7,[np.float64(0.13625)],[np.float64(-0.3325)],[1],[0],[0],[2.736666100000008],['target'],7,0,7,0,17.41498030000001,,10,17.397040000000004,17.41498030000001,17.41498030000001,0.028681100000000015,20.133796000000004,[np.float64(0.13625)],[np.float64(-0.3325)],[1],[0],[0],[2.736666100000008],['target'],004,001,2025-09-29_17h41.59.906,Visual Search Experiment Bhumika Bajaj AU2320057,,2025.1.1,59.920712912677246,2025-09-29 17h42.09.700073 +0530,
8,0,8,[np.float64(0.035)],[np.float64(0.07375)],[1],[0],[0],[3.334346199999999],['target'],8,0,8,0,20.16502030000001,,5,20.152257500000005,20.16502030000001,20.16502030000001,0.018263099999998644,23.486728400000004,[np.float64(0.035)],[np.float64(0.07375)],[1],[0],[0],[3.334346199999999],['target'],004,001,2025-09-29_17h41.59.906,Visual Search Experiment Bhumika Bajaj AU2320057,,2025.1.1,59.920712912677246,2025-09-29 17h42.09.700073 +0530,
9,0,9,[np.float64(0.4525)],[np.float64(0.1325)],[1],[0],[0],[3.8796291000000025],['target'],9,0,9,0,23.5490717,,10,23.521307500000006,23.5490717,23.5490717,0.03435249999999712,27.40108880000001,[np.float64(0.4525)],[np.float64(0.1325)],[1],[0],[0],[3.8796291000000025],['target'],004,001,2025-09-29_17h41.59.906,Visual Search Experiment Bhumika Bajaj AU2320057,,2025.1.1,59.920712912677246,2025-09-29 17h42.09.700073 +0530,
10,0,10,[np.float64(0.21625)],[np.float64(0.3475)],[1],[0],[0],[1.4959342999999876],['target'],10,0,10,0,27.4311905,,5,27.415844000000007,27.4311905,27.4311905,0.014440899999996759,28.911911700000005,[np.float64(0.21625)],[np.float64(0.3475)],[1],[0],[0],[1.4959342999999876],['target'],004,001,2025-09-29_17h41.59.906,Visual Search Experiment Bhumika Bajaj AU2320057,,2025.1.1,59.920712912677246,2025-09-29 17h42.09.700073 +0530,
11,0,11,[np.float64(0.22625)],[np.float64(-0.11)],[1],[0],[0],[1.7119197999999898],['target'],11,0,11,0,28.958531300000004,,5,28.929862400000005,28.958531300000004,28.958531300000004,0.017724399999991647,30.641863600000008,[np.float64(0.22625)],[np.float64(-0.11)],[1],[0],[0],[1.7119197999999898],['target'],004,001,2025-09-29_17h41.59.906,Visual Search Experiment Bhumika Bajaj AU2320057,,2025.1.1,59.920712912677246,2025-09-29 17h42.09.700073 +0530,
12,0,12,[np.float64(-0.32375)],[np.float64(-0.2325)],[1],[0],[0],[2.3419669000000027],['target'],12,0,12,0,30.690402700000007,,10,30.669198800000004,30.690402700000007,30.690402700000007,0.02717989999999304,33.0112726,[np.float64(-0.32375)],[np.float64(-0.2325)],[1],[0],[0],[2.3419669000000027],['target'],004,001,2025-09-29_17h41.59.906,Visual Search Experiment Bhumika Bajaj AU2320057,,2025.1.1,59.920712912677246,2025-09-29 17h42.09.700073 +0530,
13,0,13,[np.float64(0.00125)],[np.float64(-0.1225)],[1],[0],[0],[1.6211538000000019],['target'],13,0,13,0,33.0570213,,10,33.038589200000004,33.0570213,33.0570213,0.027120699999997555,34.659892799999994,[np.float64(0.00125)],[np.float64(-0.1225)],[1],[0],[0],[1.6211538000000019],['target'],004,001,2025-09-29_17h41.59.906,Visual Search Experiment Bhumika Bajaj AU2320057,,2025.1.1,59.920712912677246,2025-09-29 17h42.09.700073 +0530,
14,0,14,[np.float64(-0.355)],[np.float64(0.12)],[1],[0],[0],[2.14508459999999],['target'],14,0,14,0,34.706331500000005,,10,34.68999410000001,34.706331500000005,34.706331500000005,0.0297559999999919,36.8351615,[np.float64(-0.355)],[np.float64(0.12)],[1],[0],[0],[2.14508459999999],['target'],004,001,2025-09-29_17h41.59.906,Visual Search Experiment Bhumika Bajaj AU2320057,,2025.1.1,59.920712912677246,2025-09-29 17h42.09.700073 +0530,
15,0,15,[np.float64(-0.3725)],[np.float64(-0.41125)],[1],[0],[0],[4.52618240000001],['target'],15,0,15,0,36.86576020000001,,5,36.850279,36.86576020000001,36.86576020000001,0.014933700000000272,41.3765602,[np.float64(-0.3725)],[np.float64(-0.41125)],[1],[0],[0],[4.52618240000001],['target'],004,001,2025-09-29_17h41.59.906,Visual Search Experiment Bhumika Bajaj AU2320057,,2025.1.1,59.920712912677246,2025-09-29 17h42.09.700073 +0530,
16,0,16,[np.float64(0.37)],[np.float64(-0.48)],[1],[0],[0],[5.310481299999992],['target'],16,0,16,0,41.42341970000001,,10,41.40607109999999,41.42341970000001,41.42341970000001,0.02938190000000418,46.71665620000002,[np.float64(0.37)],[np.float64(-0.48)],[1],[0],[0],[5.310481299999992],['target'],004,001,2025-09-29_17h41.59.906,Visual Search Experiment Bhumika Bajaj AU2320057,,2025.1.1,59.920712912677246,2025-09-29 17h42.09.700073 +0530,
17,0,17,[np.float64(-0.1025)],[np.float64(-0.2575)],[1],[0],[0],[1.911075000000011],['target'],17,0,17,0,46.74795320000001,,5,46.7313417,46.74795320000001,46.74795320000001,0.014438299999994797,48.642675999999994,[np.float64(-0.1025)],[np.float64(-0.2575)],[1],[0],[0],[1.911075000000011],['target'],004,001,2025-09-29_17h41.59.906,Visual Search Experiment Bhumika Bajaj AU2320057,,2025.1.1,59.920712912677246,2025-09-29 17h42.09.700073 +0530,
18,0,18,[np.float64(0.39875)],[np.float64(-0.135)],[1],[0],[0],[1.8393964999999923],['target'],18,0,18,0,48.68933319999999,,10,48.66922550000001,48.68933319999999,48.68933319999999,0.026230199999986326,50.508722000000006,[np.float64(0.39875)],[np.float64(-0.135)],[1],[0],[0],[1.8393964999999923],['target'],004,001,2025-09-29_17h41.59.906,Visual Search Experiment Bhumika Bajaj AU2320057,,2025.1.1,59.920712912677246,2025-09-29 17h42.09.700073 +0530,
19,0,19,[np.float64(-0.0275)],[np.float64(-0.18)],[1],[0],[0],[2.0888443999999993],['target'],19,0,19,0,50.556254499999994,,10,50.5368172,50.556254499999994,50.556254499999994,0.0279003000000273,52.62578210000001,[np.float64(-0.0275)],[np.float64(-0.18)],[1],[0],[0],[2.0888443999999993],['target'],004,001,2025-09-29_17h41.59.906,Visual Search Experiment Bhumika Bajaj AU2320057,,2025.1.1,59.920712912677246,2025-09-29 17h42.09.700073 +0530,
20,0,20,[np.float64(-0.48)],[np.float64(0.1775)],[1],[0],[0],[2.884435200000013],['target'],20,0,20,0,52.67288529999999,,10,52.6580544,52.67288529999999,52.67288529999999,0.0320393000000081,55.54258380000002,[np.float64(-0.48)],[np.float64(0.1775)],[1],[0],[0],[2.884435200000013],['target'],004,001,2025-09-29_17h41.59.906,Visual Search Experiment Bhumika Bajaj AU2320057,,2025.1.1,59.920712912677246,2025-09-29 17h42.09.700073 +0530,
21,0,21,[np.float64(0.33875)],[np.float64(0.025)],[1],[0],[0],[2.74182380000002],['target'],21,0,21,0,55.5890952,,10,55.57621360000002,55.5890952,55.5890952,0.033312300000005735,58.31813690000001,[np.float64(0.33875)],[np.float64(0.025)],[1],[0],[0],[2.74182380000002],['target'],004,001,2025-09-29_17h41.59.906,Visual Search Experiment Bhumika Bajaj AU2320057,,2025.1.1,59.920712912677246,2025-09-29 17h42.09.700073 +0530,
22,0,22,"[np.float64(0.38125), np.float64(0.3775)]","[np.float64(-0.395), np.float64(-0.40875)]","[1, 1]","[0, 0]","[0, 0]","[2.868727399999983, 3.731575599999985]","[None, 'target']",22,0,22,0,58.3486254,,5,58.33600580000001,58.3486254,58.3486254,0.017626799999987952,62.067686400000014,"[np.float64(0.38125), np.float64(0.3775)]","[np.float64(-0.395), np.float64(-0.40875)]","[1, 1]","[0, 0]","[0, 0]","[2.868727399999983, 3.731575599999985]","[None, 'target']",004,001,2025-09-29_17h41.59.906,Visual Search Experiment Bhumika Bajaj AU2320057,,2025.1.1,59.920712912677246,2025-09-29 17h42.09.700073 +0530,
23,0,23,[np.float64(0.47875)],[np.float64(-0.38875)],[1],[0],[0],[1.6555025000000114],['target'],23,0,23,0,62.13091840000001,,10,62.103831799999995,62.13091840000001,62.13091840000001,0.03591959999999972,63.759412999999995,[np.float64(0.47875)],[np.float64(-0.38875)],[1],[0],[0],[1.6555025000000114],['target'],004,001,2025-09-29_17h41.59.906,Visual Search Experiment Bhumika Bajaj AU2320057,,2025.1.1,59.920712912677246,2025-09-29 17h42.09.700073 +0530,
24,0,24,[np.float64(-0.37875)],[np.float64(0.48)],[1],[0],[0],[2.397039700000022],['target'],24,0,24,0,63.790127900000016,,5,63.77902030000001,63.790127900000016,63.790127900000016,0.019345499999985805,66.17617960000001,[np.float64(-0.37875)],[np.float64(0.48)],[1],[0],[0],[2.397039700000022],['target'],004,001,2025-09-29_17h41.59.906,Visual Search Experiment Bhumika Bajaj AU2320057,,2025.1.1,59.920712912677246,2025-09-29 17h42.09.700073 +0530,
25,0,25,[np.float64(0.20375)],[np.float64(-0.15125)],[1],[0],[0],[1.878643000000011],['target'],25,0,25,0,66.22371799999999,,10,66.2075624,66.22371799999999,66.22371799999999,0.031152899999995043,68.0862847,[np.float64(0.20375)],[np.float64(-0.15125)],[1],[0],[0],[1.878643000000011],['target'],004,001,2025-09-29_17h41.59.906,Visual Search Experiment Bhumika Bajaj AU2320057,,2025.1.1,59.920712912677246,2025-09-29 17h42.09.700073 +0530,
26,0,26,[np.float64(-0.33375)],[np.float64(0.2925)],[1],[0],[0],[2.6348879999999895],['target'],26,0,26,0,68.14837650000001,,10,68.1324161,68.14837650000001,68.14837650000001,0.04584179999997673,70.76737740000002,[np.float64(-0.33375)],[np.float64(0.2925)],[1],[0],[0],[2.6348879999999895],['target'],004,001,2025-09-29_17h41.59.906,Visual Search Experiment Bhumika Bajaj AU2320057,,2025.1.1,59.920712912677246,2025-09-29 17h42.09.700073 +0530,
27,0,27,[np.float64(-0.0875)],[np.float64(-0.2225)],[1],[0],[0],[2.143961300000001],['target'],27,0,27,0,70.83215810000002,,10,70.80725100000001,70.83215810000002,70.83215810000002,0.03970719999998096,72.95129890000001,[np.float64(-0.0875)],[np.float64(-0.2225)],[1],[0],[0],[2.143961300000001],['target'],004,001,2025-09-29_17h41.59.906,Visual Search Experiment Bhumika Bajaj AU2320057,,2025.1.1,59.920712912677246,2025-09-29 17h42.09.700073 +0530,
28,0,28,[np.float64(0.21875)],[np.float64(-0.01875)],[1],[0],[0],[5.789587600000004],['target'],28,0,28,0,72.9981343,,10,72.9783098,72.9981343,72.9981343,0.026798399999989897,78.7680066,[np.float64(0.21875)],[np.float64(-0.01875)],[1],[0],[0],[5.789587600000004],['target'],004,001,2025-09-29_17h41.59.906,Visual Search Experiment Bhumika Bajaj AU2320057,,2025.1.1,59.920712912677246,2025-09-29 17h42.09.700073 +0530,
29,0,29,[np.float64(0.4225)],[np.float64(0.13875)],[1],[0],[0],[2.6056006999999966],['target'],29,0,29,0,78.81461960000001,,5,78.78993170000001,78.81461960000001,78.81461960000001,0.021706800000004023,81.3956001,[np.float64(0.4225)],[np.float64(0.13875)],[1],[0],[0],[2.6056006999999966],['target'],004,001,2025-09-29_17h41.59.906,Visual Search Experiment Bhumika Bajaj AU2320057,,2025.1.1,59.920712912677246,2025-09-29 17h42.09.700073 +0530,
30,0,30,[np.float64(0.26)],[np.float64(0.31875)],[1],[0],[0],[3.0011444000000154],['target'],30,0,30,0,81.44007400000001,,10,81.4232805,81.44007400000001,81.44007400000001,0.02754410000000007,84.42451679999999,[np.float64(0.26)],[np.float64(0.31875)],[1],[0],[0],[3.0011444000000154],['target'],004,001,2025-09-29_17h41.59.906,Visual Search Experiment Bhumika Bajaj AU2320057,,2025.1.1,59.920712912677246,2025-09-29 17h42.09.700073 +0530,
31,0,31,[np.float64(0.26125)],[np.float64(0.055)],[1],[0],[0],[6.246905900000002],['target'],31,0,31,0,84.45543560000002,,5,84.43898920000001,84.45543560000002,84.45543560000002,0.014406299999990324,90.6860399,[np.float64(0.26125)],[np.float64(0.055)],[1],[0],[0],[6.246905900000002],['target'],004,001,2025-09-29_17h41.59.906,Visual Search Experiment Bhumika Bajaj AU2320057,,2025.1.1,59.920712912677246,2025-09-29 17h42.09.700073 +0530,
32,0,32,[np.float64(0.20625)],[np.float64(-0.2975)],[1],[0],[0],[3.0703934999999944],['target'],32,0,32,0,90.7478188,,10,90.73323289999999,90.7478188,90.7478188,0.046901999999988675,93.80375850000001,[np.float64(0.20625)],[np.float64(-0.2975)],[1],[0],[0],[3.0703934999999944],['target'],004,001,2025-09-29_17h41.59.906,Visual Search Experiment Bhumika Bajaj AU2320057,,2025.1.1,59.920712912677246,2025-09-29 17h42.09.700073 +0530,
33,0,33,[np.float64(0.49125)],[np.float64(0.29875)],[1],[0],[0],[3.8963487000000043],['target'],33,0,33,0,93.86562270000002,,10,93.83852050000002,93.86562270000002,93.86562270000002,0.03450050000000715,97.7350098,[np.float64(0.49125)],[np.float64(0.29875)],[1],[0],[0],[3.8963487000000043],['target'],004,001,2025-09-29_17h41.59.906,Visual Search Experiment Bhumika Bajaj AU2320057,,2025.1.1,59.920712912677246,2025-09-29 17h42.09.700073 +0530,
34,0,34,[np.float64(0.3275)],[np.float64(0.195)],[1],[0],[0],[5.917858300000006],['target'],34,0,34,0,97.76390130000001,,5,97.7489358,97.76390130000001,97.76390130000001,0.013624300000003586,103.6668837,[np.float64(0.3275)],[np.float64(0.195)],[1],[0],[0],[5.917858300000006],['target'],004,001,2025-09-29_17h41.59.906,Visual Search Experiment Bhumika Bajaj AU2320057,,2025.1.1,59.920712912677246,2025-09-29 17h42.09.700073 +0530,
35,0,35,[np.float64(-0.09625)],[np.float64(0.32125)],[1],[0],[0],[3.087766400000021],['target'],35,0,35,0,103.6970001,,5,103.67927320000001,103.6970001,103.6970001,0.012247200000018665,106.7671526,[np.float64(-0.09625)],[np.float64(0.32125)],[1],[0],[0],[3.087766400000021],['target'],004,001,2025-09-29_17h41.59.906,Visual Search Experiment Bhumika Bajaj AU2320057,,2025.1.1,59.920712912677246,2025-09-29 17h42.09.700073 +0530,
36,0,36,[np.float64(0.015)],[np.float64(0.19)],[1],[0],[0],[2.2188791000000094],['target'],36,0,36,0,106.8142483,,10,106.79409910000001,106.8142483,106.8142483,0.026777400000014495,109.01311340000001,[np.float64(0.015)],[np.float64(0.19)],[1],[0],[0],[2.2188791000000094],['target'],004,001,2025-09-29_17h41.59.906,Visual Search Experiment Bhumika Bajaj AU2320057,,2025.1.1,59.920712912677246,2025-09-29 17h42.09.700073 +0530,
37,0,37,[np.float64(0.40125)],[np.float64(-0.24375)],[1],[0],[0],[1.986952400000007],['target'],37,0,37,0,109.0574727,,5,109.03197510000001,109.0574727,109.0574727,0.01856330000001094,111.01906650000001,[np.float64(0.40125)],[np.float64(-0.24375)],[1],[0],[0],[1.986952400000007],['target'],004,001,2025-09-29_17h41.59.906,Visual Search Experiment Bhumika Bajaj AU2320057,,2025.1.1,59.920712912677246,2025-09-29 17h42.09.700073 +0530,
38,0,38,[np.float64(0.15)],[np.float64(-0.2975)],[1],[0],[0],[2.0354274999999973],['target'],38,0,38,0,111.0633578,,5,111.04013599999999,111.0633578,111.0633578,0.020773300000001882,113.07568900000001,[np.float64(0.15)],[np.float64(-0.2975)],[1],[0],[0],[2.0354274999999973],['target'],004,001,2025-09-29_17h41.59.906,Visual Search Experiment Bhumika Bajaj AU2320057,,2025.1.1,59.920712912677246,2025-09-29 17h42.09.700073 +0530,
39,0,39,[np.float64(0.37375)],[np.float64(-0.235)],[1],[0],[0],[1.7332390999999916],['target'],39,0,39,0,113.1226445,,10,113.10838380000001,113.1226445,113.1226445,0.03243800000001329,114.8417341,[np.float64(0.37375)],[np.float64(-0.235)],[1],[0],[0],[1.7332390999999916],['target'],004,001,2025-09-29_17h41.59.906,Visual Search Experiment Bhumika Bajaj AU2320057,,2025.1.1,59.920712912677246,2025-09-29 17h42.09.700073 +0530,
40,0,40,[np.float64(0.23625)],[np.float64(-0.2125)],[1],[0],[0],[2.1954505999999867],['target'],40,0,40,0,114.88899570000001,,10,114.8723257,114.88899570000001,114.88899570000001,0.030396099999990156,117.0679337,[np.float64(0.23625)],[np.float64(-0.2125)],[1],[0],[0],[2.1954505999999867],['target'],004,001,2025-09-29_17h41.59.906,Visual Search Experiment Bhumika Bajaj AU2320057,,2025.1.1,59.920712912677246,2025-09-29 17h42.09.700073 +0530,
41,0,41,[np.float64(0.48)],[np.float64(0.25)],[1],[0],[0],[2.0114907000000244],['target'],41,0,41,0,117.1139446,,10,117.0985968,117.1139446,117.1139446,0.030312500000007958,119.11026770000001,[np.float64(0.48)],[np.float64(0.25)],[1],[0],[0],[2.0114907000000244],['target'],004,001,2025-09-29_17h41.59.906,Visual Search Experiment Bhumika Bajaj AU2320057,,2025.1.1,59.920712912677246,2025-09-29 17h42.09.700073 +0530,
42,0,42,[np.float64(-0.3775)],[np.float64(0.13875)],[1],[0],[0],[2.2788319],['target'],42,0,42,0,119.1560226,,10,119.14040589999999,119.1560226,119.1560226,0.029729500000001963,121.4193793,[np.float64(-0.3775)],[np.float64(0.13875)],[1],[0],[0],[2.2788319],['target'],004,001,2025-09-29_17h41.59.906,Visual Search Experiment Bhumika Bajaj AU2320057,,2025.1.1,59.920712912677246,2025-09-29 17h42.09.700073 +0530,
43,0,43,[np.float64(0.2875)],[np.float64(-0.4675)],[1],[0],[0],[3.0925504999999873],['target'],43,0,43,0,121.4470752,,5,121.43541239999999,121.4470752,121.4470752,0.015760800000009567,124.52810970000002,[np.float64(0.2875)],[np.float64(-0.4675)],[1],[0],[0],[3.0925504999999873],['target'],004,001,2025-09-29_17h41.59.906,Visual Search Experiment Bhumika Bajaj AU2320057,,2025.1.1,59.920712912677246,2025-09-29 17h42.09.700073 +0530,
44,0,44,[np.float64(0.34)],[np.float64(-0.34125)],[1],[0],[0],[3.1114358000000095],['target'],44,0,44,0,124.5727885,,5,124.54950790000001,124.5727885,124.5727885,0.021146399999992127,127.6610679,[np.float64(0.34)],[np.float64(-0.34125)],[1],[0],[0],[3.1114358000000095],['target'],004,001,2025-09-29_17h41.59.906,Visual Search Experiment Bhumika Bajaj AU2320057,,2025.1.1,59.920712912677246,2025-09-29 17h42.09.700073 +0530,
45,0,45,[np.float64(0.32625)],[np.float64(-0.29125)],[1],[0],[0],[1.536229700000007],['target'],45,0,45,0,127.7057393,,5,127.68090860000001,127.7057393,127.7057393,0.019567800000004354,129.2172546,[np.float64(0.32625)],[np.float64(-0.29125)],[1],[0],[0],[1.536229700000007],['target'],004,001,2025-09-29_17h41.59.906,Visual Search Experiment Bhumika Bajaj AU2320057,,2025.1.1,59.920712912677246,2025-09-29 17h42.09.700073 +0530,
46,0,46,[np.float64(0.19625)],[np.float64(0.485)],[1],[0],[0],[3.622276999999997],['target'],46,0,46,0,129.2477244,,5,129.2357732,129.2477244,129.2477244,0.018292500000001155,132.8581387,[np.float64(0.19625)],[np.float64(0.485)],[1],[0],[0],[3.622276999999997],['target'],004,001,2025-09-29_17h41.59.906,Visual Search Experiment Bhumika Bajaj AU2320057,,2025.1.1,59.920712912677246,2025-09-29 17h42.09.700073 +0530,
47,0,47,"[np.float64(0.19625), np.float64(-0.22)]","[np.float64(0.485), np.float64(0.28125)]","[1, 1]","[0, 0]","[0, 0]","[0.21101790000000165, 2.468131299999982]","[None, 'target']",47,0,47,0,132.9060784,,5,132.8808232,132.9060784,132.9060784,0.02247070000001372,135.34907570000001,"[np.float64(0.19625), np.float64(-0.22)]","[np.float64(0.485), np.float64(0.28125)]","[1, 1]","[0, 0]","[0, 0]","[0.21101790000000165, 2.468131299999982]","[None, 'target']",004,001,2025-09-29_17h41.59.906,Visual Search Experiment Bhumika Bajaj AU2320057,,2025.1.1,59.920712912677246,2025-09-29 17h42.09.700073 +0530,
48,0,48,[np.float64(-0.21375)],[np.float64(-0.46875)],[1],[0],[0],[2.1603820999999925],['target'],48,0,48,0,135.4130362,,10,135.3834227,135.4130362,135.4130362,0.03409130000000005,137.543972,[np.float64(-0.21375)],[np.float64(-0.46875)],[1],[0],[0],[2.1603820999999925],['target'],004,001,2025-09-29_17h41.59.906,Visual Search Experiment Bhumika Bajaj AU2320057,,2025.1.1,59.920712912677246,2025-09-29 17h42.09.700073 +0530,
49,0,49,[np.float64(-0.37125)],[np.float64(0.02375)],[1],[0],[0],[3.2662347000000125],['target'],49,0,49,0,137.6047953,,10,137.5781431,137.6047953,137.6047953,0.03388209999999958,140.8444744,[np.float64(-0.37125)],[np.float64(0.02375)],[1],[0],[0],[3.2662347000000125],['target'],004,001,2025-09-29_17h41.59.906,Visual Search Experiment Bhumika Bajaj AU2320057,,2025.1.1,59.920712912677246,2025-09-29 17h42.09.700073 +0530,
50,0,50,[np.float64(0.37125)],[np.float64(0.33125)],[1],[0],[0],[3.8127946999999835],['target'],50,0,50,0,140.88980420000001,,5,140.8629507,140.88980420000001,140.88980420000001,0.018209699999999884,144.6758408,[np.float64(0.37125)],[np.float64(0.33125)],[1],[0],[0],[3.8127946999999835],['target'],004,001,2025-09-29_17h41.59.906,Visual Search Experiment Bhumika Bajaj AU2320057,,2025.1.1,59.920712912677246,2025-09-29 17h42.09.700073 +0530,
51,0,51,[np.float64(-0.34625)],[np.float64(-0.36375)],[1],[0],[0],[2.383825299999984],['target'],51,0,51,0,144.7057478,,5,144.69024050000002,144.7057478,144.7057478,0.014241299999980583,147.0742284,[np.float64(-0.34625)],[np.float64(-0.36375)],[1],[0],[0],[2.383825299999984],['target'],004,001,2025-09-29_17h41.59.906,Visual Search Experiment Bhumika Bajaj AU2320057,,2025.1.1,59.920712912677246,2025-09-29 17h42.09.700073 +0530,
52,0,52,[np.float64(-0.24875)],[np.float64(-0.185)],[1],[0],[0],[2.609132499999987],['target'],52,0,52,0,147.1217734,,10,147.1074635,147.1217734,147.1217734,0.03295080000000894,149.7167595,[np.float64(-0.24875)],[np.float64(-0.185)],[1],[0],[0],[2.609132499999987],['target'],004,001,2025-09-29_17h41.59.906,Visual Search Experiment Bhumika Bajaj AU2320057,,2025.1.1,59.920712912677246,2025-09-29 17h42.09.700073 +0530,
53,0,53,[np.float64(-0.24125)],[np.float64(-0.03125)],[1],[0],[0],[2.0955068000000097],['target'],53,0,53,0,149.7634675,,5,149.7413399,149.7634675,149.7634675,0.024247699999989436,151.8369672,[np.float64(-0.24125)],[np.float64(-0.03125)],[1],[0],[0],[2.0955068000000097],['target'],004,001,2025-09-29_17h41.59.906,Visual Search Experiment Bhumika Bajaj AU2320057,,2025.1.1,59.920712912677246,2025-09-29 17h42.09.700073 +0530,
54,0,54,[np.float64(-0.335)],[np.float64(0.31875)],[1],[0],[0],[3.2366374000000064],['target'],54,0,54,0,151.88056310000002,,5,151.8550952,151.88056310000002,151.88056310000002,0.01791659999997819,155.0918553,[np.float64(-0.335)],[np.float64(0.31875)],[1],[0],[0],[3.2366374000000064],['target'],004,001,2025-09-29_17h41.59.906,Visual Search Experiment Bhumika Bajaj AU2320057,,2025.1.1,59.920712912677246,2025-09-29 17h42.09.700073 +0530,
55,0,55,[np.float64(0.10375)],[np.float64(0.3925)],[1],[0],[0],[4.096841799999993],['target'],55,0,55,0,155.1384514,,5,155.1119838,155.1384514,155.1384514,0.019915599999990263,159.2089305,[np.float64(0.10375)],[np.float64(0.3925)],[1],[0],[0],[4.096841799999993],['target'],004,001,2025-09-29_17h41.59.906,Visual Search Experiment Bhumika Bajaj AU2320057,,2025.1.1,59.920712912677246,2025-09-29 17h42.09.700073 +0530,
56,0,56,[np.float64(0.16375)],[np.float64(-0.40625)],[1],[0],[0],[2.0230689999999925],['target'],56,0,56,0,159.255481,,5,159.2310262,159.255481,159.255481,0.02187709999998333,161.2542094,[np.float64(0.16375)],[np.float64(-0.40625)],[1],[0],[0],[2.0230689999999925],['target'],004,001,2025-09-29_17h41.59.906,Visual Search Experiment Bhumika Bajaj AU2320057,,2025.1.1,59.920712912677246,2025-09-29 17h42.09.700073 +0530,
57,0,57,[np.float64(0.1575)],[np.float64(0.0025)],[1],[0],[0],[5.987059999999985],['target'],57,0,57,0,161.3139071,,10,161.2909564,161.3139071,161.3139071,0.03652569999999855,167.27814139999998,[np.float64(0.1575)],[np.float64(0.0025)],[1],[0],[0],[5.987059999999985],['target'],004,001,2025-09-29_17h41.59.906,Visual Search Experiment Bhumika Bajaj AU2320057,,2025.1.1,59.920712912677246,2025-09-29 17h42.09.700073 +0530,
58,0,58,"[np.float64(0.1575), np.float64(0.04375)]","[np.float64(0.0025), np.float64(-0.125)]","[1, 1]","[0, 0]","[0, 0]","[0.2276653000000124, 3.7108767000000284]","[None, 'target']",58,0,58,0,167.33979870000002,,10,167.3134351,167.33979870000002,167.33979870000002,0.035032699999987926,171.0244235,"[np.float64(0.1575), np.float64(0.04375)]","[np.float64(0.0025), np.float64(-0.125)]","[1, 1]","[0, 0]","[0, 0]","[0.2276653000000124, 3.7108767000000284]","[None, 'target']",004,001,2025-09-29_17h41.59.906,Visual Search Experiment Bhumika Bajaj AU2320057,,2025.1.1,59.920712912677246,2025-09-29 17h42.09.700073 +0530,
59,0,59,[np.float64(-0.3475)],[np.float64(-0.0175)],[1],[0],[0],[2.6914125999999783],['target'],59,0,59,0,171.0548094,,5,171.04400149999998,171.0548094,171.0548094,0.01926090000000613,173.73553800000002,[np.float64(-0.3475)],[np.float64(-0.0175)],[1],[0],[0],[2.6914125999999783],['target'],004,001,2025-09-29_17h41.59.906,Visual Search Experiment Bhumika Bajaj AU2320057,,2025.1.1,59.920712912677246,2025-09-29 17h42.09.700073 +0530,
60,0,60,[np.float64(0.235)],[np.float64(0.29)],[1],[0],[0],[2.0816978999999947],['target'],60,0,60,0,173.78005080000003,,10,173.76810160000002,173.78005080000003,173.78005080000003,0.03235189999998056,175.8498912,[np.float64(0.235)],[np.float64(0.29)],[1],[0],[0],[2.0816978999999947],['target'],004,001,2025-09-29_17h41.59.906,Visual Search Experiment Bhumika Bajaj AU2320057,,2025.1.1,59.920712912677246,2025-09-29 17h42.09.700073 +0530,
61,0,61,[np.float64(-0.36875)],[np.float64(0.4775)],[1],[0],[0],[2.5855159000000185],['target'],61,0,61,0,175.9631339,,10,175.9514931,175.9631339,175.9631339,0.10138569999998026,178.53714100000002,[np.float64(-0.36875)],[np.float64(0.4775)],[1],[0],[0],[2.5855159000000185],['target'],004,001,2025-09-29_17h41.59.906,Visual Search Experiment Bhumika Bajaj AU2320057,,2025.1.1,59.920712912677246,2025-09-29 17h42.09.700073 +0530,
62,0,62,[np.float64(-0.45)],[np.float64(0.13)],[1],[0],[0],[3.9409084999999777],['target'],62,0,62,0,178.59813459999998,,10,178.57106550000003,178.59813459999998,178.59813459999998,0.033679099999972095,182.51209319999998,[np.float64(-0.45)],[np.float64(0.13)],[1],[0],[0],[3.9409084999999777],['target'],004,001,2025-09-29_17h41.59.906,Visual Search Experiment Bhumika Bajaj AU2320057,,2025.1.1,59.920712912677246,2025-09-29 17h42.09.700073 +0530,
63,0,63,[np.float64(-0.26375)],[np.float64(-0.3625)],[1],[0],[0],[2.7115850999999793],['target'],63,0,63,0,182.5732534,,10,182.5474092,182.5732534,182.5732534,0.035060900000019046,185.2591286,[np.float64(-0.26375)],[np.float64(-0.3625)],[1],[0],[0],[2.7115850999999793],['target'],004,001,2025-09-29_17h41.59.906,Visual Search Experiment Bhumika Bajaj AU2320057,,2025.1.1,59.920712912677246,2025-09-29 17h42.09.700073 +0530,
64,0,64,[np.float64(0.365)],[np.float64(0.0275)],[1],[0],[0],[3.28283220000003],['target'],64,0,64,0,185.3068824,,5,185.2776472,185.3068824,185.3068824,0.018248699999958262,188.5606307,[np.float64(0.365)],[np.float64(0.0275)],[1],[0],[0],[3.28283220000003],['target'],004,001,2025-09-29_17h41.59.906,Visual Search Experiment Bhumika Bajaj AU2320057,,2025.1.1,59.920712912677246,2025-09-29 17h42.09.700073 +0530,
65,0,65,[np.float64(-0.25625)],[np.float64(0.38625)],[1],[0],[0],[2.815489800000023],['target'],65,0,65,0,188.62274409999998,,10,188.5938544,188.62274409999998,188.62274409999998,0.0329525000000217,191.40946280000003,[np.float64(-0.25625)],[np.float64(0.38625)],[1],[0],[0],[2.815489800000023],['target'],004,001,2025-09-29_17h41.59.906,Visual Search Experiment Bhumika Bajaj AU2320057,,2025.1.1,59.920712912677246,2025-09-29 17h42.09.700073 +0530,
66,0,66,[np.float64(-0.27625)],[np.float64(0.2775)],[1],[0],[0],[1.435282299999983],['target'],66,0,66,0,191.45621110000002,,5,191.4340841,191.45621110000002,191.45621110000002,0.024339199999985794,192.8695065,[np.float64(-0.27625)],[np.float64(0.2775)],[1],[0],[0],[1.435282299999983],['target'],004,001,2025-09-29_17h41.59.906,Visual Search Experiment Bhumika Bajaj AU2320057,,2025.1.1,59.920712912677246,2025-09-29 17h42.09.700073 +0530,
67,0,67,[np.float64(-0.36125)],[np.float64(-0.0225)],[1],[0],[0],[1.7991130999999996],['target'],67,0,67,0,192.91337040000002,,10,192.90126120000002,192.91337040000002,192.91337040000002,0.031442500000025575,194.700468,[np.float64(-0.36125)],[np.float64(-0.0225)],[1],[0],[0],[1.7991130999999996],['target'],004,001,2025-09-29_17h41.59.906,Visual Search Experiment Bhumika Bajaj AU2320057,,2025.1.1,59.920712912677246,2025-09-29 17h42.09.700073 +0530,
68,0,68,"[np.float64(0.07125), np.float64(0.07125)]","[np.float64(-0.42375), np.float64(-0.4275)]","[1, 1]","[0, 0]","[0, 0]","[2.4227409999999736, 3.2886691999999584]","[None, 'target']",68,0,68,0,194.76329909999998,,10,194.73531509999998,194.76329909999998,194.76329909999998,0.03459259999999631,198.0240893,"[np.float64(0.07125), np.float64(0.07125)]","[np.float64(-0.42375), np.float64(-0.4275)]","[1, 1]","[0, 0]","[0, 0]","[2.4227409999999736, 3.2886691999999584]","[None, 'target']",004,001,2025-09-29_17h41.59.906,Visual Search Experiment Bhumika Bajaj AU2320057,,2025.1.1,59.920712912677246,2025-09-29 17h42.09.700073 +0530,
69,0,69,[np.float64(0.38)],[np.float64(-0.25875)],[1],[0],[0],[1.693398899999977],['target'],69,0,69,0,198.0546255,,5,198.0429072,198.0546255,198.0546255,0.01844949999997425,199.73643429999998,[np.float64(0.38)],[np.float64(-0.25875)],[1],[0],[0],[1.693398899999977],['target'],004,001,2025-09-29_17h41.59.906,Visual Search Experiment Bhumika Bajaj AU2320057,,2025.1.1,59.920712912677246,2025-09-29 17h42.09.700073 +0530,
70,0,70,[np.float64(-0.20125)],[np.float64(-0.2075)],[1],[0],[0],[2.18066970000001],['target'],70,0,70,0,199.797525,,10,199.77054429999998,199.797525,199.797525,0.03388380000001234,201.95132990000002,[np.float64(-0.20125)],[np.float64(-0.2075)],[1],[0],[0],[2.18066970000001],['target'],004,001,2025-09-29_17h41.59.906,Visual Search Experiment Bhumika Bajaj AU2320057,,2025.1.1,59.920712912677246,2025-09-29 17h42.09.700073 +0530,
71,0,71,[np.float64(0.34875)],[np.float64(0.21125)],[1],[0],[0],[2.7629059999999868],['target'],71,0,71,0,202.01264530000003,,10,201.9875998,202.01264530000003,202.01264530000003,0.03600039999997762,204.7506045,[np.float64(0.34875)],[np.float64(0.21125)],[1],[0],[0],[2.7629059999999868],['target'],004,001,2025-09-29_17h41.59.906,Visual Search Experiment Bhumika Bajaj AU2320057,,2025.1.1,59.920712912677246,2025-09-29 17h42.09.700073 +0530,
72,0,72,[np.float64(-0.37)],[np.float64(0.27125)],[1],[0],[0],[2.4985374999999976],['target'],72,0,72,0,204.81238990000003,,10,204.78416670000001,204.81238990000003,204.81238990000003,0.033306400000014946,207.2828166,[np.float64(-0.37)],[np.float64(0.27125)],[1],[0],[0],[2.4985374999999976],['target'],004,001,2025-09-29_17h41.59.906,Visual Search Experiment Bhumika Bajaj AU2320057,,2025.1.1,59.920712912677246,2025-09-29 17h42.09.700073 +0530,
73,0,73,[np.float64(-0.06375)],[np.float64(0.0425)],[1],[0],[0],[1.4836232999999766],['target'],73,0,73,0,207.312521,,5,207.30077770000003,207.312521,207.312521,0.017707199999961176,208.7844943,[np.float64(-0.06375)],[np.float64(0.0425)],[1],[0],[0],[1.4836232999999766],['target'],004,001,2025-09-29_17h41.59.906,Visual Search Experiment Bhumika Bajaj AU2320057,,2025.1.1,59.920712912677246,2025-09-29 17h42.09.700073 +0530,
74,0,74,[np.float64(-0.25625)],[np.float64(-0.2225)],[1],[0],[0],[2.4415259999999535],['target'],74,0,74,0,208.8464866,,10,208.8190899,208.8464866,208.8464866,0.03437059999998837,211.2607086,[np.float64(-0.25625)],[np.float64(-0.2225)],[1],[0],[0],[2.4415259999999535],['target'],004,001,2025-09-29_17h41.59.906,Visual Search Experiment Bhumika Bajaj AU2320057,,2025.1.1,59.920712912677246,2025-09-29 17h42.09.700073 +0530,
75,0,75,[np.float64(0.31375)],[np.float64(-0.4425)],[1],[0],[0],[2.4388777000000346],['target'],75,0,75,0,211.3211473,,10,211.2935354,211.3211473,211.3211473,0.032578899999975874,213.7325045,[np.float64(0.31375)],[np.float64(-0.4425)],[1],[0],[0],[2.4388777000000346],['target'],004,001,2025-09-29_17h41.59.906,Visual Search Experiment Bhumika Bajaj AU2320057,,2025.1.1,59.920712912677246,2025-09-29 17h42.09.700073 +0530,
76,0,76,[np.float64(0.14875)],[np.float64(-0.40625)],[1],[0],[0],[1.7501551999999947],['target'],76,0,76,0,213.7795426,,10,213.75821990000003,213.7795426,213.7795426,0.025493100000005597,215.50849190000002,[np.float64(0.14875)],[np.float64(-0.40625)],[1],[0],[0],[1.7501551999999947],['target'],004,001,2025-09-29_17h41.59.906,Visual Search Experiment Bhumika Bajaj AU2320057,,2025.1.1,59.920712912677246,2025-09-29 17h42.09.700073 +0530,
77,0,77,[np.float64(-0.03375)],[np.float64(0.41)],[1],[0],[0],[2.220137800000032],['target'],77,0,77,0,215.5542112,,5,215.52907249999998,215.5542112,215.5542112,0.020323500000017702,217.7492694,[np.float64(-0.03375)],[np.float64(0.41)],[1],[0],[0],[2.220137800000032],['target'],004,001,2025-09-29_17h41.59.906,Visual Search Experiment Bhumika Bajaj AU2320057,,2025.1.1,59.920712912677246,2025-09-29 17h42.09.700073 +0530,
78,0,78,[np.float64(0.46625)],[np.float64(-0.01375)],[1],[0],[0],[2.0594270999999935],['target'],78,0,78,0,217.79603070000002,,10,217.7728978,217.79603070000002,217.79603070000002,0.023523199999999633,219.8324149,[np.float64(0.46625)],[np.float64(-0.01375)],[1],[0],[0],[2.0594270999999935],['target'],004,001,2025-09-29_17h41.59.906,Visual Search Experiment Bhumika Bajaj AU2320057,,2025.1.1,59.920712912677246,2025-09-29 17h42.09.700073 +0530,
79,0,79,[np.float64(0.4025)],[np.float64(-0.2325)],[1],[0],[0],[1.5235119999999824],['target'],79,0,79,0,219.8632035,,5,219.84473380000003,219.8632035,219.8632035,0.012115499999993062,221.3683873,[np.float64(0.4025)],[np.float64(-0.2325)],[1],[0],[0],[1.5235119999999824],['target'],004,001,2025-09-29_17h41.59.906,Visual Search Experiment Bhumika Bajaj AU2320057,,2025.1.1,59.920712912677246,2025-09-29 17h42.09.700073 +0530,
80,0,80,[np.float64(-0.30125)],[np.float64(-0.20375)],[1],[0],[0],[2.620960299999979],['target'],80,0,80,0,221.4312147,,10,221.4037083,221.4312147,221.4312147,0.03510680000005095,224.0247488,[np.float64(-0.30125)],[np.float64(-0.20375)],[1],[0],[0],[2.620960299999979],['target'],004,001,2025-09-29_17h41.59.906,Visual Search Experiment Bhumika Bajaj AU2320057,,2025.1.1,59.920712912677246,2025-09-29 17h42.09.700073 +0530,
81,0,81,[np.float64(-0.285)],[np.float64(-0.02)],[1],[0],[0],[2.2146263000000204],['target'],81,0,81,0,224.05445550000002,,5,224.03927850000002,224.05445550000002,224.05445550000002,0.014346799999998439,226.2540355,[np.float64(-0.285)],[np.float64(-0.02)],[1],[0],[0],[2.2146263000000204],['target'],004,001,2025-09-29_17h41.59.906,Visual Search Experiment Bhumika Bajaj AU2320057,,2025.1.1,59.920712912677246,2025-09-29 17h42.09.700073 +0530,
82,0,82,[np.float64(0.34)],[np.float64(0.02625)],[1],[0],[0],[1.68437449999999],['target'],82,0,82,0,226.3145197,,10,226.29165139999998,226.3145197,226.3145197,0.037411599999984446,227.9761401,[np.float64(0.34)],[np.float64(0.02625)],[1],[0],[0],[1.68437449999999],['target'],004,001,2025-09-29_17h41.59.906,Visual Search Experiment Bhumika Bajaj AU2320057,,2025.1.1,59.920712912677246,2025-09-29 17h42.09.700073 +0530,
83,0,83,"[np.float64(0.3725), np.float64(0.365), np.float64(0.35875)]","[np.float64(-0.23875), np.float64(-0.23375), np.float64(-0.22375)]","[1, 1, 1]","[0, 0, 0]","[0, 0, 0]","[2.3489953000000128, 3.1703487999999993, 3.9048857000000226]","[None, None, 'target']",83,0,83,0,228.03757969999998,,10,228.01077450000003,228.03757969999998,228.03757969999998,0.034380899999973735,231.915777,"[np.float64(0.3725), np.float64(0.365), np.float64(0.35875)]","[np.float64(-0.23875), np.float64(-0.23375), np.float64(-0.22375)]","[1, 1, 1]","[0, 0, 0]","[0, 0, 0]","[2.3489953000000128, 3.1703487999999993, 3.9048857000000226]","[None, None, 'target']",004,001,2025-09-29_17h41.59.906,Visual Search Experiment Bhumika Bajaj AU2320057,,2025.1.1,59.920712912677246,2025-09-29 17h42.09.700073 +0530,
84,0,84,[np.float64(-0.00375)],[np.float64(-0.15125)],[1],[0],[0],[1.7036568999999986],['target'],84,0,84,0,231.96253389999998,,10,231.9450243,231.96253389999998,231.96253389999998,0.02884969999996656,233.64877310000003,[np.float64(-0.00375)],[np.float64(-0.15125)],[1],[0],[0],[1.7036568999999986],['target'],004,001,2025-09-29_17h41.59.906,Visual Search Experiment Bhumika Bajaj AU2320057,,2025.1.1,59.920712912677246,2025-09-29 17h42.09.700073 +0530,
85,0,85,[np.float64(-0.455)],[np.float64(0.48125)],[1],[0],[0],[3.9029151999999954],['target'],85,0,85,0,233.69575559999998,,10,233.67414530000002,233.69575559999998,233.69575559999998,0.025154799999995703,237.57719200000003,[np.float64(-0.455)],[np.float64(0.48125)],[1],[0],[0],[3.9029151999999954],['target'],004,001,2025-09-29_17h41.59.906,Visual Search Experiment Bhumika Bajaj AU2320057,,2025.1.1,59.920712912677246,2025-09-29 17h42.09.700073 +0530,
86,0,86,[np.float64(0.1875)],[np.float64(0.18375)],[1],[0],[0],[3.25318070000003],['target'],86,0,86,0,237.63777950000002,,10,237.61210590000002,237.63777950000002,237.63777950000002,0.0346510000000535,240.86531250000002,[np.float64(0.1875)],[np.float64(0.18375)],[1],[0],[0],[3.25318070000003],['target'],004,001,2025-09-29_17h41.59.906,Visual Search Experiment Bhumika Bajaj AU2320057,,2025.1.1,59.920712912677246,2025-09-29 17h42.09.700073 +0530,
87,0,87,[np.float64(0.465)],[np.float64(-0.09625)],[1],[0],[0],[2.272736199999997],['target'],87,0,87,0,240.9124579,,10,240.89564639999998,240.9124579,240.9124579,0.030096500000013293,243.16850370000003,[np.float64(0.465)],[np.float64(-0.09625)],[1],[0],[0],[2.272736199999997],['target'],004,001,2025-09-29_17h41.59.906,Visual Search Experiment Bhumika Bajaj AU2320057,,2025.1.1,59.920712912677246,2025-09-29 17h42.09.700073 +0530,
88,0,88,[np.float64(-0.31375)],[np.float64(0.10125)],[1],[0],[0],[1.9705585000000383],['target'],88,0,88,0,243.2290845,,10,243.20371190000003,243.2290845,243.2290845,0.0349561999999537,245.1743604,[np.float64(-0.31375)],[np.float64(0.10125)],[1],[0],[0],[1.9705585000000383],['target'],004,001,2025-09-29_17h41.59.906,Visual Search Experiment Bhumika Bajaj AU2320057,,2025.1.1,59.920712912677246,2025-09-29 17h42.09.700073 +0530,
89,0,89,"[np.float64(-0.38875), np.float64(-0.3925)]","[np.float64(-0.4), np.float64(-0.41)]","[1, 1]","[0, 0]","[0, 0]","[2.559831000000031, 3.573156700000027]","[None, 'target']",89,0,89,0,245.22075669999998,,10,245.200985,245.22075669999998,245.22075669999998,0.026392299999997704,248.77423520000002,"[np.float64(-0.38875), np.float64(-0.3925)]","[np.float64(-0.4), np.float64(-0.41)]","[1, 1]","[0, 0]","[0, 0]","[2.559831000000031, 3.573156700000027]","[None, 'target']",004,001,2025-09-29_17h41.59.906,Visual Search Experiment Bhumika Bajaj AU2320057,,2025.1.1,59.920712912677246,2025-09-29 17h42.09.700073 +0530,
90,0,90,"[np.float64(0.14125), np.float64(0.16875)]","[np.float64(0.0575), np.float64(0.08375)]","[1, 1]","[0, 0]","[0, 0]","[2.865066000000013, 3.774629100000027]","[None, 'target']",90,0,90,0,248.82111070000002,,10,248.8003751,248.82111070000002,248.82111070000002,0.025915199999985816,252.57513419999998,"[np.float64(0.14125), np.float64(0.16875)]","[np.float64(0.0575), np.float64(0.08375)]","[1, 1]","[0, 0]","[0, 0]","[2.865066000000013, 3.774629100000027]","[None, 'target']",004,001,2025-09-29_17h41.59.906,Visual Search Experiment Bhumika Bajaj AU2320057,,2025.1.1,59.920712912677246,2025-09-29 17h42.09.700073 +0530,
91,0,91,[np.float64(-0.09625)],[np.float64(0.18375)],[1],[0],[0],[1.9014998999999762],['target'],91,0,91,0,252.6208198,,10,252.6083569,252.6208198,252.6208198,0.0329101000000378,254.50998729999998,[np.float64(-0.09625)],[np.float64(0.18375)],[1],[0],[0],[1.9014998999999762],['target'],004,001,2025-09-29_17h41.59.906,Visual Search Experiment Bhumika Bajaj AU2320057,,2025.1.1,59.920712912677246,2025-09-29 17h42.09.700073 +0530,
92,0,92,[np.float64(0.17)],[np.float64(0.21875)],[1],[0],[0],[1.7966859999999656],['target'],92,0,92,0,254.5547932,,5,254.5312738,254.5547932,254.5547932,0.021044099999983246,256.3280748,[np.float64(0.17)],[np.float64(0.21875)],[1],[0],[0],[1.7966859999999656],['target'],004,001,2025-09-29_17h41.59.906,Visual Search Experiment Bhumika Bajaj AU2320057,,2025.1.1,59.920712912677246,2025-09-29 17h42.09.700073 +0530,
93,0,93,[np.float64(0.14625)],[np.float64(0.325)],[1],[0],[0],[1.4298962999999958],['target'],93,0,93,0,256.3875349,,10,256.3611484,256.3875349,256.3875349,0.032866200000000845,257.791142,[np.float64(0.14625)],[np.float64(0.325)],[1],[0],[0],[1.4298962999999958],['target'],004,001,2025-09-29_17h41.59.906,Visual Search Experiment Bhumika Bajaj AU2320057,,2025.1.1,59.920712912677246,2025-09-29 17h42.09.700073 +0530,
94,0,94,[np.float64(-0.11625)],[np.float64(0.4775)],[1],[0],[0],[1.791822800000034],['target'],94,0,94,0,257.8384795,,5,257.8115494,257.8384795,257.8384795,0.020141900000055557,259.6034657,[np.float64(-0.11625)],[np.float64(0.4775)],[1],[0],[0],[1.791822800000034],['target'],004,001,2025-09-29_17h41.59.906,Visual Search Experiment Bhumika Bajaj AU2320057,,2025.1.1,59.920712912677246,2025-09-29 17h42.09.700073 +0530,
95,0,95,[np.float64(-0.01375)],[np.float64(-0.02875)],[1],[0],[0],[3.144531500000028],['target'],95,0,95,0,259.6468473,,5,259.62069710000003,259.6468473,259.6468473,0.017082900000048085,262.7653443,[np.float64(-0.01375)],[np.float64(-0.02875)],[1],[0],[0],[3.144531500000028],['target'],004,001,2025-09-29_17h41.59.906,Visual Search Experiment Bhumika Bajaj AU2320057,,2025.1.1,59.920712912677246,2025-09-29 17h42.09.700073 +0530,
96,0,96,[np.float64(0.385)],[np.float64(0.21125)],[1],[0],[0],[1.6258465000000228],['target'],96,0,96,0,262.8125115,,10,262.7999845,262.8125115,262.8125115,0.03441620000000967,264.42591930000003,[np.float64(0.385)],[np.float64(0.21125)],[1],[0],[0],[1.6258465000000228],['target'],004,001,2025-09-29_17h41.59.906,Visual Search Experiment Bhumika Bajaj AU2320057,,2025.1.1,59.920712912677246,2025-09-29 17h42.09.700073 +0530,
97,0,97,[np.float64(0.25625)],[np.float64(0.27875)],[1],[0],[0],[1.7080616999999734],['target'],97,0,97,0,264.4550769,,5,264.4440135,264.4550769,264.4550769,0.01784820000000309,266.15219840000003,[np.float64(0.25625)],[np.float64(0.27875)],[1],[0],[0],[1.7080616999999734],['target'],004,001,2025-09-29_17h41.59.906,Visual Search Experiment Bhumika Bajaj AU2320057,,2025.1.1,59.920712912677246,2025-09-29 17h42.09.700073 +0530,
98,0,98,[np.float64(-0.04125)],[np.float64(0.45625)],[1],[0],[0],[1.8902365000000145],['target'],98,0,98,0,266.2132939,,10,266.1858881,266.2132939,266.2132939,0.03347549999995181,268.0762521,[np.float64(-0.04125)],[np.float64(0.45625)],[1],[0],[0],[1.8902365000000145],['target'],004,001,2025-09-29_17h41.59.906,Visual Search Experiment Bhumika Bajaj AU2320057,,2025.1.1,59.920712912677246,2025-09-29 17h42.09.700073 +0530,
99,0,99,[np.float64(0.145)],[np.float64(0.30375)],[1],[0],[0],[1.7224062999999887],['target'],99,0,99,0,268.1382829,,10,268.1128714,268.1382829,268.1382829,0.03633419999999887,269.8353708,[np.float64(0.145)],[np.float64(0.30375)],[1],[0],[0],[1.7224062999999887],['target'],004,001,2025-09-29_17h41.59.906,Visual Search Experiment Bhumika Bajaj AU2320057,,2025.1.1,59.920712912677246,2025-09-29 17h42.09.700073 +0530,
100,0,100,"[np.float64(0.145), np.float64(-0.16875)]","[np.float64(0.30375), np.float64(-0.41375)]","[1, 1]","[0, 0]","[0, 0]","[0.6675632000000178, 2.5684479999999894]","[None, 'target']",100,0,100,0,269.8787424,,10,269.865559,269.8787424,269.8787424,0.029945999999995365,272.4341394,"[np.float64(0.145), np.float64(-0.16875)]","[np.float64(0.30375), np.float64(-0.41375)]","[1, 1]","[0, 0]","[0, 0]","[0.6675632000000178, 2.5684479999999894]","[None, 'target']",004,001,2025-09-29_17h41.59.906,Visual Search Experiment Bhumika Bajaj AU2320057,,2025.1.1,59.920712912677246,2025-09-29 17h42.09.700073 +0530,
101,0,101,[np.float64(-0.475)],[np.float64(-0.37625)],[1],[0],[0],[1.9202089999999998],['target'],101,0,101,0,272.4969264,,10,272.4700313,272.4969264,272.4969264,0.03558500000002596,274.3903106,[np.float64(-0.475)],[np.float64(-0.37625)],[1],[0],[0],[1.9202089999999998],['target'],004,001,2025-09-29_17h41.59.906,Visual Search Experiment Bhumika Bajaj AU2320057,,2025.1.1,59.920712912677246,2025-09-29 17h42.09.700073 +0530,
102,0,102,[np.float64(-0.20625)],[np.float64(0.0025)],[1],[0],[0],[5.808717599999966],['target'],102,0,102,0,274.4367174,,10,274.41620240000003,274.4367174,274.4367174,0.025720799999987776,280.2250751,[np.float64(-0.20625)],[np.float64(0.0025)],[1],[0],[0],[5.808717599999966],['target'],004,001,2025-09-29_17h41.59.906,Visual Search Experiment Bhumika Bajaj AU2320057,,2025.1.1,59.920712912677246,2025-09-29 17h42.09.700073 +0530,
103,0,103,[np.float64(-0.46375)],[np.float64(-0.18875)],[1],[0],[0],[2.073703899999998],['target'],103,0,103,0,280.25368910000003,,5,280.2423791,280.25368910000003,280.25368910000003,0.016976499999998396,282.3161662,[np.float64(-0.46375)],[np.float64(-0.18875)],[1],[0],[0],[2.073703899999998],['target'],004,001,2025-09-29_17h41.59.906,Visual Search Experiment Bhumika Bajaj AU2320057,,2025.1.1,59.920712912677246,2025-09-29 17h42.09.700073 +0530,
104,0,104,[np.float64(0.43875)],[np.float64(-0.26)],[1],[0],[0],[2.6479040000000396],['target'],104,0,104,0,282.3625037,,10,282.3418252,282.3625037,282.3625037,0.025534399999969537,284.9898148,[np.float64(0.43875)],[np.float64(-0.26)],[1],[0],[0],[2.6479040000000396],['target'],004,001,2025-09-29_17h41.59.906,Visual Search Experiment Bhumika Bajaj AU2320057,,2025.1.1,59.920712912677246,2025-09-29 17h42.09.700073 +0530,
105,0,105,[np.float64(-0.20875)],[np.float64(0.0125)],[1],[0],[0],[2.5234740000000215],['target'],105,0,105,0,285.0372723,,10,285.0195424,285.0372723,285.0372723,0.029483799999979965,287.5431659,[np.float64(-0.20875)],[np.float64(0.0125)],[1],[0],[0],[2.5234740000000215],['target'],004,001,2025-09-29_17h41.59.906,Visual Search Experiment Bhumika Bajaj AU2320057,,2025.1.1,59.920712912677246,2025-09-29 17h42.09.700073 +0530,
106,0,106,[np.float64(0.125)],[np.float64(0.47875)],[1],[0],[0],[3.2520978000000014],['target'],106,0,106,0,287.5891478,,5,287.5640024,287.5891478,287.5891478,0.020549700000003668,290.8162052,[np.float64(0.125)],[np.float64(0.47875)],[1],[0],[0],[3.2520978000000014],['target'],004,001,2025-09-29_17h41.59.906,Visual Search Experiment Bhumika Bajaj AU2320057,,2025.1.1,59.920712912677246,2025-09-29 17h42.09.700073 +0530,
107,0,107,[np.float64(-0.20375)],[np.float64(-0.17125)],[1],[0],[0],[2.0248068999999873],['target'],107,0,107,0,290.8453376,,5,290.8338877,290.8453376,290.8453376,0.01746620000000121,292.8587819,[np.float64(-0.20375)],[np.float64(-0.17125)],[1],[0],[0],[2.0248068999999873],['target'],004,001,2025-09-29_17h41.59.906,Visual Search Experiment Bhumika Bajaj AU2320057,,2025.1.1,59.920712912677246,2025-09-29 17h42.09.700073 +0530,
108,0,108,[np.float64(0.48125)],[np.float64(-0.265)],[1],[0],[0],[2.006948300000033],['target'],108,0,108,0,292.8872142,,5,292.8779358,292.8872142,292.8872142,0.018949099999986174,294.88497540000003,[np.float64(0.48125)],[np.float64(-0.265)],[1],[0],[0],[2.006948300000033],['target'],004,001,2025-09-29_17h41.59.906,Visual Search Experiment Bhumika Bajaj AU2320057,,2025.1.1,59.920712912677246,2025-09-29 17h42.09.700073 +0530,
109,0,109,"[np.float64(0.13875), np.float64(0.14875)]","[np.float64(-0.465), np.float64(-0.4725)]","[1, 1]","[0, 0]","[0, 0]","[2.214094799999998, 3.2208548000000405]","[None, 'target']",109,0,109,0,294.9311268,,10,294.9117227,294.9311268,294.9311268,0.02659280000000308,298.1327087,"[np.float64(0.13875), np.float64(0.14875)]","[np.float64(-0.465), np.float64(-0.4725)]","[1, 1]","[0, 0]","[0, 0]","[2.214094799999998, 3.2208548000000405]","[None, 'target']",004,001,2025-09-29_17h41.59.906,Visual Search Experiment Bhumika Bajaj AU2320057,,2025.1.1,59.920712912677246,2025-09-29 17h42.09.700073 +0530,
110,0,110,[np.float64(-0.18)],[np.float64(-0.2075)],[1],[0],[0],[2.110465099999999],['target'],110,0,110,0,298.1794297,,10,298.1639172,298.1794297,298.1794297,0.03083660000004329,300.2745406,[np.float64(-0.18)],[np.float64(-0.2075)],[1],[0],[0],[2.110465099999999],['target'],004,001,2025-09-29_17h41.59.906,Visual Search Experiment Bhumika Bajaj AU2320057,,2025.1.1,59.920712912677246,2025-09-29 17h42.09.700073 +0530,
111,0,111,[np.float64(0.435)],[np.float64(0.35625)],[1],[0],[0],[1.9565428000000225],['target'],111,0,111,0,300.3204271,,5,300.2949193,300.3204271,300.3204271,0.020019000000047527,302.2515818,[np.float64(0.435)],[np.float64(0.35625)],[1],[0],[0],[1.9565428000000225],['target'],004,001,2025-09-29_17h41.59.906,Visual Search Experiment Bhumika Bajaj AU2320057,,2025.1.1,59.920712912677246,2025-09-29 17h42.09.700073 +0530,
112,0,112,[np.float64(-0.1875)],[np.float64(0.25)],[1],[0],[0],[2.5690698000000225],['target'],112,0,112,0,302.3120918,,10,302.2898979,302.3120918,302.3120918,0.038121200000034605,304.859015,[np.float64(-0.1875)],[np.float64(0.25)],[1],[0],[0],[2.5690698000000225],['target'],004,001,2025-09-29_17h41.59.906,Visual Search Experiment Bhumika Bajaj AU2320057,,2025.1.1,59.920712912677246,2025-09-29 17h42.09.700073 +0530,
113,0,113,[np.float64(-0.22125)],[np.float64(-0.32875)],[1],[0],[0],[1.912399999999991],['target'],113,0,113,0,304.8885899,,5,304.8733823,304.8885899,304.8885899,0.014210199999979523,306.7859136,[np.float64(-0.22125)],[np.float64(-0.32875)],[1],[0],[0],[1.912399999999991],['target'],004,001,2025-09-29_17h41.59.906,Visual Search Experiment Bhumika Bajaj AU2320057,,2025.1.1,59.920712912677246,2025-09-29 17h42.09.700073 +0530,
114,0,114,[np.float64(0.09125)],[np.float64(0.1725)],[1],[0],[0],[3.0502089000000296],['target'],114,0,114,0,306.8299263,,5,306.8108083,306.8299263,306.8299263,0.024746800000002622,309.861137,[np.float64(0.09125)],[np.float64(0.1725)],[1],[0],[0],[3.0502089000000296],['target'],004,001,2025-09-29_17h41.59.906,Visual Search Experiment Bhumika Bajaj AU2320057,,2025.1.1,59.920712912677246,2025-09-29 17h42.09.700073 +0530,
115,0,115,"[np.float64(0.08125), np.float64(0.09125)]","[np.float64(0.2725), np.float64(0.2725)]","[1, 1]","[0, 0]","[0, 0]","[1.4855486000000155, 2.418020600000034]","[None, 'target']",115,0,115,0,309.9210891,,10,309.8962527,309.9210891,309.9210891,0.03490929999998116,312.314384,"[np.float64(0.08125), np.float64(0.09125)]","[np.float64(0.2725), np.float64(0.2725)]","[1, 1]","[0, 0]","[0, 0]","[1.4855486000000155, 2.418020600000034]","[None, 'target']",004,001,2025-09-29_17h41.59.906,Visual Search Experiment Bhumika Bajaj AU2320057,,2025.1.1,59.920712912677246,2025-09-29 17h42.09.700073 +0530,
116,0,116,[np.float64(-0.18375)],[np.float64(0.06375)],[1],[0],[0],[2.3586259999999584],['target'],116,0,116,0,312.3618389,,10,312.3433006,312.3618389,312.3618389,0.028666700000030687,314.7020667,[np.float64(-0.18375)],[np.float64(0.06375)],[1],[0],[0],[2.3586259999999584],['target'],004,001,2025-09-29_17h41.59.906,Visual Search Experiment Bhumika Bajaj AU2320057,,2025.1.1,59.920712912677246,2025-09-29 17h42.09.700073 +0530,
117,0,117,[np.float64(0.48625)],[np.float64(-0.32125)],[1],[0],[0],[2.1448373999999717],['target'],117,0,117,0,314.7468641,,5,314.7234566,314.7468641,314.7468641,0.02114530000000059,316.8684146,[np.float64(0.48625)],[np.float64(-0.32125)],[1],[0],[0],[2.1448373999999717],['target'],004,001,2025-09-29_17h41.59.906,Visual Search Experiment Bhumika Bajaj AU2320057,,2025.1.1,59.920712912677246,2025-09-29 17h42.09.700073 +0530,
118,0,118,[np.float64(0.10125)],[np.float64(-0.32625)],[1],[0],[0],[2.946963499999981],['target'],118,0,118,0,316.9288421,,10,316.905904,316.9288421,316.9288421,0.03728910000000951,319.8529868,[np.float64(0.10125)],[np.float64(-0.32625)],[1],[0],[0],[2.946963499999981],['target'],004,001,2025-09-29_17h41.59.906,Visual Search Experiment Bhumika Bajaj AU2320057,,2025.1.1,59.920712912677246,2025-09-29 17h42.09.700073 +0530,
119,0,119,[np.float64(0.2975)],[np.float64(0.06)],[1],[0],[0],[2.3369394000000057],['target'],119,0,119,0,319.913302,,10,319.8875348,319.913302,319.913302,0.03427529999999024,322.2245817,[np.float64(0.2975)],[np.float64(0.06)],[1],[0],[0],[2.3369394000000057],['target'],004,001,2025-09-29_17h41.59.906,Visual Search Experiment Bhumika Bajaj AU2320057,,2025.1.1,59.920712912677246,2025-09-29 17h42.09.700073 +0530,
120,0,120,[np.float64(-0.1175)],[np.float64(-0.25375)],[1],[0],[0],[1.83672150000001],['target'],120,0,120,0,322.2536224,,5,322.2398884,322.2536224,322.2536224,0.015060199999993529,324.0767433,[np.float64(-0.1175)],[np.float64(-0.25375)],[1],[0],[0],[1.83672150000001],['target'],004,001,2025-09-29_17h41.59.906,Visual Search Experiment Bhumika Bajaj AU2320057,,2025.1.1,59.920712912677246,2025-09-29 17h42.09.700073 +0530,
121,0,121,[np.float64(-0.04)],[np.float64(-0.375)],[1],[0],[0],[2.1721988000000465],['target'],121,0,121,0,324.1382832,,10,324.1094498,324.1382832,324.1382832,0.0324999000000048,326.2817701,[np.float64(-0.04)],[np.float64(-0.375)],[1],[0],[0],[2.1721988000000465],['target'],004,001,2025-09-29_17h41.59.906,Visual Search Experiment Bhumika Bajaj AU2320057,,2025.1.1,59.920712912677246,2025-09-29 17h42.09.700073 +0530,
122,0,122,[np.float64(-0.25375)],[np.float64(0.45625)],[1],[0],[0],[2.799404500000037],['target'],122,0,122,0,326.34451,,10,326.3181493,326.34451,326.34451,0.03606659999996964,329.1176784,[np.float64(-0.25375)],[np.float64(0.45625)],[1],[0],[0],[2.799404500000037],['target'],004,001,2025-09-29_17h41.59.906,Visual Search Experiment Bhumika Bajaj AU2320057,,2025.1.1,59.920712912677246,2025-09-29 17h42.09.700073 +0530,
123,0,123,[np.float64(-0.13125)],[np.float64(-0.33125)],[1],[0],[0],[2.3812517999999727],['target'],123,0,123,0,329.1797313,,10,329.1528703,329.1797313,329.1797313,0.03494289999997591,331.5342437,[np.float64(-0.13125)],[np.float64(-0.33125)],[1],[0],[0],[2.3812517999999727],['target'],004,001,2025-09-29_17h41.59.906,Visual Search Experiment Bhumika Bajaj AU2320057,,2025.1.1,59.920712912677246,2025-09-29 17h42.09.700073 +0530,
124,0,124,[np.float64(0.15625)],[np.float64(0.27625)],[1],[0],[0],[1.5633493999999928],['target'],124,0,124,0,331.5966019,,10,331.5684035,331.5966019,331.5966019,0.033894000000032065,333.1318737,[np.float64(0.15625)],[np.float64(0.27625)],[1],[0],[0],[1.5633493999999928],['target'],004,001,2025-09-29_17h41.59.906,Visual Search Experiment Bhumika Bajaj AU2320057,,2025.1.1,59.920712912677246,2025-09-29 17h42.09.700073 +0530,
125,0,125,[np.float64(-0.0625)],[np.float64(0.215)],[1],[0],[0],[1.9838055000000168],['target'],125,0,125,0,333.17897270000003,,10,333.1582912,333.17897270000003,333.17897270000003,0.0261356000000319,335.1422215,[np.float64(-0.0625)],[np.float64(0.215)],[1],[0],[0],[1.9838055000000168],['target'],004,001,2025-09-29_17h41.59.906,Visual Search Experiment Bhumika Bajaj AU2320057,,2025.1.1,59.920712912677246,2025-09-29 17h42.09.700073 +0530,
126,0,126,[np.float64(-0.1975)],[np.float64(0.15625)],[1],[0],[0],[1.7479827000000228],['target'],126,0,126,0,335.2047291,,10,335.1786284,335.2047291,335.2047291,0.036148300000036215,336.9268085,[np.float64(-0.1975)],[np.float64(0.15625)],[1],[0],[0],[1.7479827000000228],['target'],004,001,2025-09-29_17h41.59.906,Visual Search Experiment Bhumika Bajaj AU2320057,,2025.1.1,59.920712912677246,2025-09-29 17h42.09.700073 +0530,
127,0,127,[np.float64(-0.0475)],[np.float64(0.44625)],[1],[0],[0],[1.402177600000016],['target'],127,0,127,0,336.971612,,5,336.9474852,336.971612,336.971612,0.020397899999977653,338.3497455,[np.float64(-0.0475)],[np.float64(0.44625)],[1],[0],[0],[1.402177600000016],['target'],004,001,2025-09-29_17h41.59.906,Visual Search Experiment Bhumika Bajaj AU2320057,,2025.1.1,59.920712912677246,2025-09-29 17h42.09.700073 +0530,
128,0,128,"[np.float64(-0.27375), np.float64(-0.2725)]","[np.float64(0.21125), np.float64(0.20125)]","[1, 1]","[0, 0]","[0, 0]","[1.5606197999999836, 2.481342100000006]","[None, 'target']",128,0,128,0,338.3786046,,5,338.3622035,338.3786046,338.3786046,0.012328299999978753,340.8436554,"[np.float64(-0.27375), np.float64(-0.2725)]","[np.float64(0.21125), np.float64(0.20125)]","[1, 1]","[0, 0]","[0, 0]","[1.5606197999999836, 2.481342100000006]","[None, 'target']",004,001,2025-09-29_17h41.59.906,Visual Search Experiment Bhumika Bajaj AU2320057,,2025.1.1,59.920712912677246,2025-09-29 17h42.09.700073 +0530,
129,0,129,[np.float64(0.34875)],[np.float64(-0.27875)],[1],[0],[0],[2.290690100000006],['target'],129,0,129,0,340.8699747,,5,340.8590993,340.8699747,340.8699747,0.015241000000003169,343.1499182,[np.float64(0.34875)],[np.float64(-0.27875)],[1],[0],[0],[2.290690100000006],['target'],004,001,2025-09-29_17h41.59.906,Visual Search Experiment Bhumika Bajaj AU2320057,,2025.1.1,59.920712912677246,2025-09-29 17h42.09.700073 +0530,
130,0,130,"[np.float64(0.01375), np.float64(0.30875)]","[np.float64(-0.00375), np.float64(-0.36375)]","[1, 1]","[0, 0]","[0, 0]","[2.8546564000000103, 4.763019499999984]","[None, 'target']",130,0,130,0,343.2134893,,10,343.1844142,343.2134893,343.2134893,0.034265899999979865,347.9475621,"[np.float64(0.01375), np.float64(0.30875)]","[np.float64(-0.00375), np.float64(-0.36375)]","[1, 1]","[0, 0]","[0, 0]","[2.8546564000000103, 4.763019499999984]","[None, 'target']",004,001,2025-09-29_17h41.59.906,Visual Search Experiment Bhumika Bajaj AU2320057,,2025.1.1,59.920712912677246,2025-09-29 17h42.09.700073 +0530,
131,0,131,[np.float64(-0.02875)],[np.float64(-0.39375)],[1],[0],[0],[2.4953682999999955],['target'],131,0,131,0,347.99472860000003,,10,347.9785738,347.99472860000003,347.99472860000003,0.030665900000030888,350.4740892,[np.float64(-0.02875)],[np.float64(-0.39375)],[1],[0],[0],[2.4953682999999955],['target'],004,001,2025-09-29_17h41.59.906,Visual Search Experiment Bhumika Bajaj AU2320057,,2025.1.1,59.920712912677246,2025-09-29 17h42.09.700073 +0530,
132,0,132,[np.float64(-0.20375)],[np.float64(0.21875)],[1],[0],[0],[1.5555983000000424],['target'],132,0,132,0,350.5200688,,5,350.4965369,350.5200688,350.5200688,0.02208610000002409,352.0522673,[np.float64(-0.20375)],[np.float64(0.21875)],[1],[0],[0],[1.5555983000000424],['target'],004,001,2025-09-29_17h41.59.906,Visual Search Experiment Bhumika Bajaj AU2320057,,2025.1.1,59.920712912677246,2025-09-29 17h42.09.700073 +0530,
133,0,133,[np.float64(0.19125)],[np.float64(-0.27)],[1],[0],[0],[2.5527016000000344],['target'],133,0,133,0,352.1129635,,10,352.0888432,352.1129635,352.1129635,0.03636149999999816,354.6416163,[np.float64(0.19125)],[np.float64(-0.27)],[1],[0],[0],[2.5527016000000344],['target'],004,001,2025-09-29_17h41.59.906,Visual Search Experiment Bhumika Bajaj AU2320057,,2025.1.1,59.920712912677246,2025-09-29 17h42.09.700073 +0530,
134,0,134,"[np.float64(0.38875), np.float64(0.4)]","[np.float64(-0.29125), np.float64(-0.30875)]","[1, 1]","[0, 0]","[0, 0]","[1.3848133999999845, 2.267763300000013]","[None, 'target']",134,0,134,0,354.6703114,,5,354.6570882,354.6703114,354.6703114,0.015309099999967657,356.9251148,"[np.float64(0.38875), np.float64(0.4)]","[np.float64(-0.29125), np.float64(-0.30875)]","[1, 1]","[0, 0]","[0, 0]","[1.3848133999999845, 2.267763300000013]","[None, 'target']",004,001,2025-09-29_17h41.59.906,Visual Search Experiment Bhumika Bajaj AU2320057,,2025.1.1,59.920712912677246,2025-09-29 17h42.09.700073 +0530,
135,0,135,[np.float64(-0.2725)],[np.float64(0.34875)],[1],[0],[0],[1.4302364999999782],['target'],135,0,135,0,356.9529794,,5,356.9434158,356.9529794,356.9529794,0.01813750000002301,358.3737365,[np.float64(-0.2725)],[np.float64(0.34875)],[1],[0],[0],[1.4302364999999782],['target'],004,001,2025-09-29_17h41.59.906,Visual Search Experiment Bhumika Bajaj AU2320057,,2025.1.1,59.920712912677246,2025-09-29 17h42.09.700073 +0530,
136,0,136,"[np.float64(-0.085), np.float64(-0.0775)]","[np.float64(0.2725), np.float64(0.275)]","[1, 1]","[0, 0]","[0, 0]","[1.2002672000000416, 2.009824300000048]","[None, 'target']",136,0,136,0,358.4211314,,10,358.4059409,358.4211314,358.4211314,0.03204599999997981,360.4158683,"[np.float64(-0.085), np.float64(-0.0775)]","[np.float64(0.2725), np.float64(0.275)]","[1, 1]","[0, 0]","[0, 0]","[1.2002672000000416, 2.009824300000048]","[None, 'target']",004,001,2025-09-29_17h41.59.906,Visual Search Experiment Bhumika Bajaj AU2320057,,2025.1.1,59.920712912677246,2025-09-29 17h42.09.700073 +0530,
137,0,137,[np.float64(-0.09375)],[np.float64(-0.28375)],[1],[0],[0],[2.185649899999987],['target'],137,0,137,0,360.4624906,,10,360.4453003,360.4624906,360.4624906,0.029216500000018186,362.6310608,[np.float64(-0.09375)],[np.float64(-0.28375)],[1],[0],[0],[2.185649899999987],['target'],004,001,2025-09-29_17h41.59.906,Visual Search Experiment Bhumika Bajaj AU2320057,,2025.1.1,59.920712912677246,2025-09-29 17h42.09.700073 +0530,
138,0,138,[np.float64(-0.3475)],[np.float64(-0.45375)],[1],[0],[0],[1.5328082000000336],['target'],138,0,138,0,362.6629229,,5,362.65078900000003,362.6629229,362.6629229,0.019466300000033243,364.1837144,[np.float64(-0.3475)],[np.float64(-0.45375)],[1],[0],[0],[1.5328082000000336],['target'],004,001,2025-09-29_17h41.59.906,Visual Search Experiment Bhumika Bajaj AU2320057,,2025.1.1,59.920712912677246,2025-09-29 17h42.09.700073 +0530,
139,0,139,[np.float64(-0.46625)],[np.float64(0.11)],[1],[0],[0],[2.5990924999999834],['target'],139,0,139,0,364.22859040000003,,5,364.2012161,364.22859040000003,364.22859040000003,0.017290099999968334,366.8004277,[np.float64(-0.46625)],[np.float64(0.11)],[1],[0],[0],[2.5990924999999834],['target'],004,001,2025-09-29_17h41.59.906,Visual Search Experiment Bhumika Bajaj AU2320057,,2025.1.1,59.920712912677246,2025-09-29 17h42.09.700073 +0530,
140,0,140,[np.float64(-0.35375)],[np.float64(-0.28875)],[1],[0],[0],[1.6194483999999534],['target'],140,0,140,0,366.8455307,,5,366.8224889,366.8455307,366.8455307,0.02184009999996306,368.4420352,[np.float64(-0.35375)],[np.float64(-0.28875)],[1],[0],[0],[1.6194483999999534],['target'],004,001,2025-09-29_17h41.59.906,Visual Search Experiment Bhumika Bajaj AU2320057,,2025.1.1,59.920712912677246,2025-09-29 17h42.09.700073 +0530,
141,0,141,[np.float64(-0.18875)],[np.float64(0.03)],[1],[0],[0],[1.8478494999999953],['target'],141,0,141,0,368.4870999,,5,368.46192130000003,368.4870999,368.4870999,0.01968699999997625,370.3098909,[np.float64(-0.18875)],[np.float64(0.03)],[1],[0],[0],[1.8478494999999953],['target'],004,001,2025-09-29_17h41.59.906,Visual Search Experiment Bhumika Bajaj AU2320057,,2025.1.1,59.920712912677246,2025-09-29 17h42.09.700073 +0530,
142,0,142,[np.float64(0.37)],[np.float64(0.29125)],[1],[0],[0],[1.4567329999999856],['target'],142,0,142,0,370.3705605,,10,370.3437188,370.3705605,370.3705605,0.03358960000002753,371.8005478,[np.float64(0.37)],[np.float64(0.29125)],[1],[0],[0],[1.4567329999999856],['target'],004,001,2025-09-29_17h41.59.906,Visual Search Experiment Bhumika Bajaj AU2320057,,2025.1.1,59.920712912677246,2025-09-29 17h42.09.700073 +0530,
143,0,143,[np.float64(-0.05625)],[np.float64(-0.10625)],[1],[0],[0],[5.737562400000002],['target'],143,0,143,0,371.8615751,,10,371.8353099,371.8615751,371.8615751,0.034526900000003025,377.5729579,[np.float64(-0.05625)],[np.float64(-0.10625)],[1],[0],[0],[5.737562400000002],['target'],004,001,2025-09-29_17h41.59.906,Visual Search Experiment Bhumika Bajaj AU2320057,,2025.1.1,59.920712912677246,2025-09-29 17h42.09.700073 +0530,
144,0,144,[np.float64(0.05875)],[np.float64(-0.42375)],[1],[0],[0],[2.6206505999999763],['target'],144,0,144,0,377.6033227,,5,377.5879056,377.6033227,377.6033227,0.014746700000046076,380.2086906,[np.float64(0.05875)],[np.float64(-0.42375)],[1],[0],[0],[2.6206505999999763],['target'],004,001,2025-09-29_17h41.59.906,Visual Search Experiment Bhumika Bajaj AU2320057,,2025.1.1,59.920712912677246,2025-09-29 17h42.09.700073 +0530,
145,0,145,"[np.float64(-0.045), np.float64(-0.02625)]","[np.float64(0.4675), np.float64(0.47125)]","[1, 1]","[0, 0]","[0, 0]","[2.6770771000000195, 3.6077199000000064]","[None, 'target']",145,0,145,0,380.2543757,,10,380.2403289,380.2543757,380.2543757,0.031432600000016464,383.8481263,"[np.float64(-0.045), np.float64(-0.02625)]","[np.float64(0.4675), np.float64(0.47125)]","[1, 1]","[0, 0]","[0, 0]","[2.6770771000000195, 3.6077199000000064]","[None, 'target']",004,001,2025-09-29_17h41.59.906,Visual Search Experiment Bhumika Bajaj AU2320057,,2025.1.1,59.920712912677246,2025-09-29 17h42.09.700073 +0530,
146,0,146,[np.float64(0.43375)],[np.float64(-0.07125)],[1],[0],[0],[2.0624875000000316],['target'],146,0,146,0,383.8944513,,10,383.871636,383.8944513,383.8944513,0.023303999999995995,385.9342456,[np.float64(0.43375)],[np.float64(-0.07125)],[1],[0],[0],[2.0624875000000316],['target'],004,001,2025-09-29_17h41.59.906,Visual Search Experiment Bhumika Bajaj AU2320057,,2025.1.1,59.920712912677246,2025-09-29 17h42.09.700073 +0530,
147,0,147,[np.float64(-0.085)],[np.float64(-0.285)],[1],[0],[0],[4.026333699999952],['target'],147,0,147,0,385.9787512,,10,385.9625887,385.9787512,385.9787512,0.02810460000000603,389.98899620000003,[np.float64(-0.085)],[np.float64(-0.285)],[1],[0],[0],[4.026333699999952],['target'],004,001,2025-09-29_17h41.59.906,Visual Search Experiment Bhumika Bajaj AU2320057,,2025.1.1,59.920712912677246,2025-09-29 17h42.09.700073 +0530,
148,0,148,"[np.float64(0.26125), np.float64(0.275)]","[np.float64(0.4025), np.float64(0.37875)]","[1, 1]","[0, 0]","[0, 0]","[1.763360500000033, 2.812424099999987]","[None, 'target']",148,0,148,0,390.0369396,,10,390.0130107,390.0369396,390.0369396,0.023863699999992605,392.8255632,"[np.float64(0.26125), np.float64(0.275)]","[np.float64(0.4025), np.float64(0.37875)]","[1, 1]","[0, 0]","[0, 0]","[1.763360500000033, 2.812424099999987]","[None, 'target']",004,001,2025-09-29_17h41.59.906,Visual Search Experiment Bhumika Bajaj AU2320057,,2025.1.1,59.920712912677246,2025-09-29 17h42.09.700073 +0530,
149,0,149,[np.float64(0.09875)],[np.float64(0.45125)],[1],[0],[0],[1.3035247000000254],['target'],149,0,149,0,392.88738010000003,,10,392.8607238,392.88738010000003,392.88738010000003,0.03486780000002909,394.16432100000003,[np.float64(0.09875)],[np.float64(0.45125)],[1],[0],[0],[1.3035247000000254],['target'],004,001,2025-09-29_17h41.59.906,Visual Search Experiment Bhumika Bajaj AU2320057,,2025.1.1,59.920712912677246,2025-09-29 17h42.09.700073 +0530,
150,0,150,[np.float64(-0.22375)],[np.float64(0.0325)],[1],[0],[0],[1.9755574999999794],['target'],150,0,150,0,394.2119406,,10,394.1939732,394.2119406,394.2119406,0.02947940000001381,396.169653,[np.float64(-0.22375)],[np.float64(0.0325)],[1],[0],[0],[1.9755574999999794],['target'],004,001,2025-09-29_17h41.59.906,Visual Search Experiment Bhumika Bajaj AU2320057,,2025.1.1,59.920712912677246,2025-09-29 17h42.09.700073 +0530,
151,0,151,[np.float64(0.4775)],[np.float64(0.02125)],[1],[0],[0],[1.8943665000000465],['target'],151,0,151,0,396.2278559,,10,396.2048488,396.2278559,396.2278559,0.03494089999998096,398.0992326,[np.float64(0.4775)],[np.float64(0.02125)],[1],[0],[0],[1.8943665000000465],['target'],004,001,2025-09-29_17h41.59.906,Visual Search Experiment Bhumika Bajaj AU2320057,,2025.1.1,59.920712912677246,2025-09-29 17h42.09.700073 +0530,
152,0,152,[np.float64(0.31625)],[np.float64(0.2225)],[1],[0],[0],[2.386355999999978],['target'],152,0,152,0,398.1443978,,10,398.1309979,398.1443978,398.1443978,0.03145169999999098,400.5174876,[np.float64(0.31625)],[np.float64(0.2225)],[1],[0],[0],[2.386355999999978],['target'],004,001,2025-09-29_17h41.59.906,Visual Search Experiment Bhumika Bajaj AU2320057,,2025.1.1,59.920712912677246,2025-09-29 17h42.09.700073 +0530,
153,0,153,[np.float64(-0.425)],[np.float64(-0.34)],[1],[0],[0],[3.449033600000007],['target'],153,0,153,0,400.5780817,,10,400.5508784,400.5780817,400.5780817,0.03313869999999497,404.0000313,[np.float64(-0.425)],[np.float64(-0.34)],[1],[0],[0],[3.449033600000007],['target'],004,001,2025-09-29_17h41.59.906,Visual Search Experiment Bhumika Bajaj AU2320057,,2025.1.1,59.920712912677246,2025-09-29 17h42.09.700073 +0530,
154,0,154,[np.float64(0.0075)],[np.float64(0.2975)],[1],[0],[0],[1.7660473999999908],['target'],154,0,154,0,404.1282501,,10,404.1147629,404.1282501,404.1282501,0.11446349999999939,405.8809187,[np.float64(0.0075)],[np.float64(0.2975)],[1],[0],[0],[1.7660473999999908],['target'],004,001,2025-09-29_17h41.59.906,Visual Search Experiment Bhumika Bajaj AU2320057,,2025.1.1,59.920712912677246,2025-09-29 17h42.09.700073 +0530,
155,0,155,[np.float64(0.39)],[np.float64(-0.075)],[1],[0],[0],[2.34489259999998],['target'],155,0,155,0,405.9123514,,5,405.896922,405.9123514,405.9123514,0.015689300000019557,408.2419418,[np.float64(0.39)],[np.float64(-0.075)],[1],[0],[0],[2.34489259999998],['target'],004,001,2025-09-29_17h41.59.906,Visual Search Experiment Bhumika Bajaj AU2320057,,2025.1.1,59.920712912677246,2025-09-29 17h42.09.700073 +0530,
156,0,156,[np.float64(-0.3725)],[np.float64(-0.295)],[1],[0],[0],[4.610805500000026],['target'],156,0,156,0,408.3033685,,10,408.2785286,408.3033685,408.3033685,0.036356599999976424,412.8894194,[np.float64(-0.3725)],[np.float64(-0.295)],[1],[0],[0],[4.610805500000026],['target'],004,001,2025-09-29_17h41.59.906,Visual Search Experiment Bhumika Bajaj AU2320057,,2025.1.1,59.920712912677246,2025-09-29 17h42.09.700073 +0530,
157,0,157,[np.float64(0.265)],[np.float64(-0.2725)],[1],[0],[0],[1.4374986000000263],['target'],157,0,157,0,412.919362,,5,412.9061792,412.919362,412.919362,0.01639119999998684,414.3438199,[np.float64(0.265)],[np.float64(-0.2725)],[1],[0],[0],[1.4374986000000263],['target'],004,001,2025-09-29_17h41.59.906,Visual Search Experiment Bhumika Bajaj AU2320057,,2025.1.1,59.920712912677246,2025-09-29 17h42.09.700073 +0530,
158,0,158,[np.float64(0.02375)],[np.float64(0.46375)],[1],[0],[0],[2.0170634000000405],['target'],158,0,158,0,414.4035747,,10,414.3798388,414.4035747,414.4035747,0.03579990000002908,416.3970012,[np.float64(0.02375)],[np.float64(0.46375)],[1],[0],[0],[2.0170634000000405],['target'],004,001,2025-09-29_17h41.59.906,Visual Search Experiment Bhumika Bajaj AU2320057,,2025.1.1,59.920712912677246,2025-09-29 17h42.09.700073 +0530,
159,0,159,[np.float64(-0.02125)],[np.float64(-0.34)],[1],[0],[0],[2.007932700000026],['target'],159,0,159,0,416.43555630000003,,5,416.4132042,416.43555630000003,416.43555630000003,0.015945200000032855,418.42121430000003,[np.float64(-0.02125)],[np.float64(-0.34)],[1],[0],[0],[2.007932700000026],['target'],004,001,2025-09-29_17h41.59.906,Visual Search Experiment Bhumika Bajaj AU2320057,,2025.1.1,59.920712912677246,2025-09-29 17h42.09.700073 +0530,
160,0,160,[np.float64(0.4275)],[np.float64(0.2675)],[1],[0],[0],[1.8520214000000124],['target'],160,0,160,0,418.44399070000003,,5,418.4348408,418.44399070000003,418.44399070000003,0.013479599999982383,420.28697000000005,[np.float64(0.4275)],[np.float64(0.2675)],[1],[0],[0],[1.8520214000000124],['target'],004,001,2025-09-29_17h41.59.906,Visual Search Experiment Bhumika Bajaj AU2320057,,2025.1.1,59.920712912677246,2025-09-29 17h42.09.700073 +0530,
161,0,161,[np.float64(-0.07125)],[np.float64(0.05625)],[1],[0],[0],[1.5095892000000504],['target'],161,0,161,0,420.31916659999996,,5,420.30378679999995,420.31916659999996,420.31916659999996,0.016602300000045034,421.8134584,[np.float64(-0.07125)],[np.float64(0.05625)],[1],[0],[0],[1.5095892000000504],['target'],004,001,2025-09-29_17h41.59.906,Visual Search Experiment Bhumika Bajaj AU2320057,,2025.1.1,59.920712912677246,2025-09-29 17h42.09.700073 +0530,
162,0,162,[np.float64(0.30875)],[np.float64(-0.415)],[1],[0],[0],[3.0597393000000466],['target'],162,0,162,0,421.8437587,,5,421.82954049999995,421.8437587,421.8437587,0.015935699999999997,424.8893983,[np.float64(0.30875)],[np.float64(-0.415)],[1],[0],[0],[3.0597393000000466],['target'],004,001,2025-09-29_17h41.59.906,Visual Search Experiment Bhumika Bajaj AU2320057,,2025.1.1,59.920712912677246,2025-09-29 17h42.09.700073 +0530,
163,0,163,[np.float64(0.00625)],[np.float64(0.275)],[1],[0],[0],[1.7500134000000571],['target'],163,0,163,0,424.91870450000005,,5,424.90453370000006,424.91870450000005,424.91870450000005,0.014891400000010435,426.6546404,[np.float64(0.00625)],[np.float64(0.275)],[1],[0],[0],[1.7500134000000571],['target'],004,001,2025-09-29_17h41.59.906,Visual Search Experiment Bhumika Bajaj AU2320057,,2025.1.1,59.920712912677246,2025-09-29 17h42.09.700073 +0530,
164,0,164,"[np.float64(-0.1425), np.float64(-0.14875)]","[np.float64(-0.38625), np.float64(-0.33625)]","[1, 1]","[0, 0]","[0, 0]","[3.507839600000011, 4.379422500000032]","[None, 'target']",164,0,164,0,426.7023556,,10,426.6882311,426.7023556,426.7023556,0.03341739999996207,431.0677777,"[np.float64(-0.1425), np.float64(-0.14875)]","[np.float64(-0.38625), np.float64(-0.33625)]","[1, 1]","[0, 0]","[0, 0]","[3.507839600000011, 4.379422500000032]","[None, 'target']",004,001,2025-09-29_17h41.59.906,Visual Search Experiment Bhumika Bajaj AU2320057,,2025.1.1,59.920712912677246,2025-09-29 17h42.09.700073 +0530,
165,0,165,[np.float64(-0.4025)],[np.float64(0.33)],[1],[0],[0],[3.5413129999999455],['target'],165,0,165,0,431.1271083,,10,431.10596160000006,431.1271083,431.1271083,0.037911099999973885,434.64753290000004,[np.float64(-0.4025)],[np.float64(0.33)],[1],[0],[0],[3.5413129999999455],['target'],004,001,2025-09-29_17h41.59.906,Visual Search Experiment Bhumika Bajaj AU2320057,,2025.1.1,59.920712912677246,2025-09-29 17h42.09.700073 +0530,
166,0,166,[np.float64(0.1)],[np.float64(-0.2525)],[1],[0],[0],[2.8882665999999517],['target'],166,0,166,0,434.67757550000005,,5,434.66928490000004,434.67757550000005,434.67757550000005,0.021412800000007337,437.5576421,[np.float64(0.1)],[np.float64(-0.2525)],[1],[0],[0],[2.8882665999999517],['target'],004,001,2025-09-29_17h41.59.906,Visual Search Experiment Bhumika Bajaj AU2320057,,2025.1.1,59.920712912677246,2025-09-29 17h42.09.700073 +0530,
167,0,167,[np.float64(0.1775)],[np.float64(-0.0075)],[1],[0],[0],[1.0415914999999814],['target'],167,0,167,0,437.594797,,5,437.57967349999996,437.594797,437.594797,0.02189900000007583,438.62136830000003,[np.float64(0.1775)],[np.float64(-0.0075)],[1],[0],[0],[1.0415914999999814],['target'],004,001,2025-09-29_17h41.59.906,Visual Search Experiment Bhumika Bajaj AU2320057,,2025.1.1,59.920712912677246,2025-09-29 17h42.09.700073 +0530,
168,0,168,[np.float64(0.19875)],[np.float64(-0.33875)],[1],[0],[0],[2.6048949000000903],['target'],168,0,168,0,438.6604921,,5,438.6423236,438.6604921,438.6604921,0.020689400000037494,441.24729770000005,[np.float64(0.19875)],[np.float64(-0.33875)],[1],[0],[0],[2.6048949000000903],['target'],004,001,2025-09-29_17h41.59.906,Visual Search Experiment Bhumika Bajaj AU2320057,,2025.1.1,59.920712912677246,2025-09-29 17h42.09.700073 +0530,
169,0,169,[np.float64(0.44875)],[np.float64(0.3175)],[1],[0],[0],[2.537710299999958],['target'],169,0,169,0,441.29469580000006,,10,441.2743341,441.29469580000006,441.29469580000006,0.026972999999998137,443.812166,[np.float64(0.44875)],[np.float64(0.3175)],[1],[0],[0],[2.537710299999958],['target'],004,001,2025-09-29_17h41.59.906,Visual Search Experiment Bhumika Bajaj AU2320057,,2025.1.1,59.920712912677246,2025-09-29 17h42.09.700073 +0530,
170,0,170,[np.float64(0.49)],[np.float64(0.48)],[1],[0],[0],[2.6535520999999562],['target'],170,0,170,0,443.8436218,,5,443.8287972,443.8436218,443.8436218,0.016310399999952097,446.4824233,[np.float64(0.49)],[np.float64(0.48)],[1],[0],[0],[2.6535520999999562],['target'],004,001,2025-09-29_17h41.59.906,Visual Search Experiment Bhumika Bajaj AU2320057,,2025.1.1,59.920712912677246,2025-09-29 17h42.09.700073 +0530,
171,0,171,[np.float64(0.1125)],[np.float64(0.145)],[1],[0],[0],[1.8078236999999717],['target'],171,0,171,0,446.5105971,,5,446.4973504,446.5105971,446.5105971,0.014792499999998654,448.3052978,[np.float64(0.1125)],[np.float64(0.145)],[1],[0],[0],[1.8078236999999717],['target'],004,001,2025-09-29_17h41.59.906,Visual Search Experiment Bhumika Bajaj AU2320057,,2025.1.1,59.920712912677246,2025-09-29 17h42.09.700073 +0530,
172,0,172,[np.float64(-0.2025)],[np.float64(-0.13)],[1],[0],[0],[1.9065149000000474],['target'],172,0,172,0,448.3352421,,5,448.324455,448.3352421,448.3352421,0.018962499999929605,450.2310673,[np.float64(-0.2025)],[np.float64(-0.13)],[1],[0],[0],[1.9065149000000474],['target'],004,001,2025-09-29_17h41.59.906,Visual Search Experiment Bhumika Bajaj AU2320057,,2025.1.1,59.920712912677246,2025-09-29 17h42.09.700073 +0530,
173,0,173,[np.float64(0.48)],[np.float64(0.47625)],[1],[0],[0],[3.8557790000000978],['target'],173,0,173,0,450.2603559,,5,450.2496881,450.2603559,450.2603559,0.018420799999944393,454.1056627,[np.float64(0.48)],[np.float64(0.47625)],[1],[0],[0],[3.8557790000000978],['target'],004,001,2025-09-29_17h41.59.906,Visual Search Experiment Bhumika Bajaj AU2320057,,2025.1.1,59.920712912677246,2025-09-29 17h42.09.700073 +0530,
174,0,174,[np.float64(0.03125)],[np.float64(0.47375)],[1],[0],[0],[3.484536300000059],['target'],174,0,174,0,454.1353711,,5,454.12307760000004,454.1353711,454.1353711,0.017192200000067714,457.60770140000005,[np.float64(0.03125)],[np.float64(0.47375)],[1],[0],[0],[3.484536300000059],['target'],004,001,2025-09-29_17h41.59.906,Visual Search Experiment Bhumika Bajaj AU2320057,,2025.1.1,59.920712912677246,2025-09-29 17h42.09.700073 +0530,
175,0,175,[np.float64(-0.08)],[np.float64(0.5)],[1],[0],[0],[1.75946579999993],['target'],175,0,175,0,457.6528093,,10,457.63752130000006,457.6528093,457.6528093,0.029692699999941397,459.3970735,[np.float64(-0.08)],[np.float64(0.5)],[1],[0],[0],[1.75946579999993],['target'],004,001,2025-09-29_17h41.59.906,Visual Search Experiment Bhumika Bajaj AU2320057,,2025.1.1,59.920712912677246,2025-09-29 17h42.09.700073 +0530,
176,0,176,[np.float64(-0.2175)],[np.float64(-0.23875)],[1],[0],[0],[1.729864599999928],['target'],176,0,176,0,459.42814530000004,,5,459.41732759999996,459.42814530000004,459.42814530000004,0.020016499999996995,461.147313,[np.float64(-0.2175)],[np.float64(-0.23875)],[1],[0],[0],[1.729864599999928],['target'],004,001,2025-09-29_17h41.59.906,Visual Search Experiment Bhumika Bajaj AU2320057,,2025.1.1,59.920712912677246,2025-09-29 17h42.09.700073 +0530,
177,0,177,[np.float64(0.19)],[np.float64(0.29375)],[1],[0],[0],[2.3330658999999514],['target'],177,0,177,0,461.1770061,,5,461.16639549999996,461.1770061,461.1770061,0.01883789999999408,463.4995873,[np.float64(0.19)],[np.float64(0.29375)],[1],[0],[0],[2.3330658999999514],['target'],004,001,2025-09-29_17h41.59.906,Visual Search Experiment Bhumika Bajaj AU2320057,,2025.1.1,59.920712912677246,2025-09-29 17h42.09.700073 +0530,
178,0,178,[np.float64(-0.05625)],[np.float64(0.3925)],[1],[0],[0],[1.4597875999999133],['target'],178,0,178,0,463.5452852,,5,463.52086649999995,463.5452852,463.5452852,0.021043800000029478,464.98073789999995,[np.float64(-0.05625)],[np.float64(0.3925)],[1],[0],[0],[1.4597875999999133],['target'],004,001,2025-09-29_17h41.59.906,Visual Search Experiment Bhumika Bajaj AU2320057,,2025.1.1,59.920712912677246,2025-09-29 17h42.09.700073 +0530,
179,0,179,[np.float64(0.0225)],[np.float64(0.02375)],[1],[0],[0],[1.5466940999999679],['target'],179,0,179,0,465.0274228,,5,465.00275100000005,465.0274228,465.0274228,0.0218129999999519,466.5495672,[np.float64(0.0225)],[np.float64(0.02375)],[1],[0],[0],[1.5466940999999679],['target'],004,001,2025-09-29_17h41.59.906,Visual Search Experiment Bhumika Bajaj AU2320057,,2025.1.1,59.920712912677246,2025-09-29 17h42.09.700073 +0530,
180,0,180,[np.float64(0.4875)],[np.float64(0.3125)],[1],[0],[0],[1.9450544000000036],['target'],180,0,180,0,466.59517250000005,,5,466.5705526,466.59517250000005,466.59517250000005,0.020766399999956775,468.51574250000004,[np.float64(0.4875)],[np.float64(0.3125)],[1],[0],[0],[1.9450544000000036],['target'],004,001,2025-09-29_17h41.59.906,Visual Search Experiment Bhumika Bajaj AU2320057,,2025.1.1,59.920712912677246,2025-09-29 17h42.09.700073 +0530,
181,0,181,[np.float64(0.0175)],[np.float64(0.33375)],[1],[0],[0],[1.5446469000000889],['target'],181,0,181,0,468.57849259999995,,10,468.55218529999996,468.57849259999995,468.57849259999995,0.03622600000005605,470.09692120000005,[np.float64(0.0175)],[np.float64(0.33375)],[1],[0],[0],[1.5446469000000889],['target'],004,001,2025-09-29_17h41.59.906,Visual Search Experiment Bhumika Bajaj AU2320057,,2025.1.1,59.920712912677246,2025-09-29 17h42.09.700073 +0530,
182,0,182,[np.float64(0.13875)],[np.float64(-0.44125)],[1],[0],[0],[1.9097821000000295],['target'],182,0,182,0,470.12786050000005,,5,470.1114441,470.12786050000005,470.12786050000005,0.014341300000069168,472.02129800000006,[np.float64(0.13875)],[np.float64(-0.44125)],[1],[0],[0],[1.9097821000000295],['target'],004,001,2025-09-29_17h41.59.906,Visual Search Experiment Bhumika Bajaj AU2320057,,2025.1.1,59.920712912677246,2025-09-29 17h42.09.700073 +0530,
183,0,183,"[np.float64(0.36125), np.float64(0.34875)]","[np.float64(-0.2775), np.float64(-0.29125)]","[1, 1]","[0, 0]","[0, 0]","[1.1962490000000798, 1.9272141000000147]","[None, 'target']",183,0,183,0,472.05203450000005,,5,472.0352473,472.05203450000005,472.05203450000005,0.01381539999999859,473.96261150000004,"[np.float64(0.36125), np.float64(0.34875)]","[np.float64(-0.2775), np.float64(-0.29125)]","[1, 1]","[0, 0]","[0, 0]","[1.1962490000000798, 1.9272141000000147]","[None, 'target']",004,001,2025-09-29_17h41.59.906,Visual Search Experiment Bhumika Bajaj AU2320057,,2025.1.1,59.920712912677246,2025-09-29 17h42.09.700073 +0530,
184,0,184,[np.float64(0.17625)],[np.float64(-0.03625)],[1],[0],[0],[2.4112665000000106],['target'],184,0,184,0,473.99554059999997,,5,473.98063340000004,473.99554059999997,473.99554059999997,0.017693200000053366,476.39198790000006,[np.float64(0.17625)],[np.float64(-0.03625)],[1],[0],[0],[2.4112665000000106],['target'],004,001,2025-09-29_17h41.59.906,Visual Search Experiment Bhumika Bajaj AU2320057,,2025.1.1,59.920712912677246,2025-09-29 17h42.09.700073 +0530,
185,0,185,[np.float64(-0.50625)],[np.float64(0.43)],[1],[0],[0],[2.9083851000000323],['target'],185,0,185,0,476.4355586,,10,476.417668,476.4355586,476.4355586,0.025530099999969025,479.3261783,[np.float64(-0.50625)],[np.float64(0.43)],[1],[0],[0],[2.9083851000000323],['target'],004,001,2025-09-29_17h41.59.906,Visual Search Experiment Bhumika Bajaj AU2320057,,2025.1.1,59.920712912677246,2025-09-29 17h42.09.700073 +0530,
186,0,186,[np.float64(-0.30625)],[np.float64(-0.18125)],[1],[0],[0],[1.5933517999999367],['target'],186,0,186,0,479.3861145,,10,479.36269039999996,479.3861145,479.3861145,0.03623620000007577,480.9561789,[np.float64(-0.30625)],[np.float64(-0.18125)],[1],[0],[0],[1.5933517999999367],['target'],004,001,2025-09-29_17h41.59.906,Visual Search Experiment Bhumika Bajaj AU2320057,,2025.1.1,59.920712912677246,2025-09-29 17h42.09.700073 +0530,
187,0,187,[np.float64(-0.205)],[np.float64(0.12625)],[1],[0],[0],[1.774657599999955],['target'],187,0,187,0,481.0182355,,10,480.98892630000006,481.0182355,481.0182355,0.03185300000006919,482.76364259999997,[np.float64(-0.205)],[np.float64(0.12625)],[1],[0],[0],[1.774657599999955],['target'],004,001,2025-09-29_17h41.59.906,Visual Search Experiment Bhumika Bajaj AU2320057,,2025.1.1,59.920712912677246,2025-09-29 17h42.09.700073 +0530,
188,0,188,"[np.float64(-0.4175), np.float64(-0.3975)]","[np.float64(-0.105), np.float64(-0.135)]","[1, 1]","[0, 0]","[0, 0]","[1.2684193999999707, 2.165215200000034]","[None, 'target']",188,0,188,0,482.8017617,,10,482.7886061,482.8017617,482.8017617,0.024836100000015904,484.95390549999996,"[np.float64(-0.4175), np.float64(-0.3975)]","[np.float64(-0.105), np.float64(-0.135)]","[1, 1]","[0, 0]","[0, 0]","[1.2684193999999707, 2.165215200000034]","[None, 'target']",004,001,2025-09-29_17h41.59.906,Visual Search Experiment Bhumika Bajaj AU2320057,,2025.1.1,59.920712912677246,2025-09-29 17h42.09.700073 +0530,
189,0,189,[np.float64(-0.1325)],[np.float64(0.00375)],[1],[0],[0],[0.996310400000084],['target'],189,0,189,0,484.9766676,,5,484.9677433,484.9766676,484.9766676,0.013653499999918495,485.96420570000004,[np.float64(-0.1325)],[np.float64(0.00375)],[1],[0],[0],[0.996310400000084],['target'],004,001,2025-09-29_17h41.59.906,Visual Search Experiment Bhumika Bajaj AU2320057,,2025.1.1,59.920712912677246,2025-09-29 17h42.09.700073 +0530,
190,0,190,[np.float64(0.27625)],[np.float64(0.3575)],[1],[0],[0],[1.194593300000065],['target'],190,0,190,0,485.9930288,,5,485.98479879999996,485.9930288,485.9930288,0.02030790000003435,487.17946609999996,[np.float64(0.27625)],[np.float64(0.3575)],[1],[0],[0],[1.194593300000065],['target'],004,001,2025-09-29_17h41.59.906,Visual Search Experiment Bhumika Bajaj AU2320057,,2025.1.1,59.920712912677246,2025-09-29 17h42.09.700073 +0530,
191,0,191,[np.float64(-0.03375)],[np.float64(-0.12375)],[1],[0],[0],[1.1039504999999963],['target'],191,0,191,0,487.2024551,,5,487.1924389,487.2024551,487.2024551,0.012828900000044996,488.29644879999995,[np.float64(-0.03375)],[np.float64(-0.12375)],[1],[0],[0],[1.1039504999999963],['target'],004,001,2025-09-29_17h41.59.906,Visual Search Experiment Bhumika Bajaj AU2320057,,2025.1.1,59.920712912677246,2025-09-29 17h42.09.700073 +0530,
192,0,192,[np.float64(-0.2775)],[np.float64(-0.10375)],[1],[0],[0],[1.2123329999999441],['target'],192,0,192,0,488.3187234,,5,488.30890330000005,488.3187234,488.3187234,0.012346499999921434,489.52132320000004,[np.float64(-0.2775)],[np.float64(-0.10375)],[1],[0],[0],[1.2123329999999441],['target'],004,001,2025-09-29_17h41.59.906,Visual Search Experiment Bhumika Bajaj AU2320057,,2025.1.1,59.920712912677246,2025-09-29 17h42.09.700073 +0530,
193,0,193,[np.float64(-0.08625)],[np.float64(-0.28625)],[1],[0],[0],[3.240259499999979],['target'],193,0,193,0,489.5603412,,10,489.54753150000005,489.5603412,489.5603412,0.026055799999994633,492.78787029999995,[np.float64(-0.08625)],[np.float64(-0.28625)],[1],[0],[0],[3.240259499999979],['target'],004,001,2025-09-29_17h41.59.906,Visual Search Experiment Bhumika Bajaj AU2320057,,2025.1.1,59.920712912677246,2025-09-29 17h42.09.700073 +0530,
194,0,194,[np.float64(-0.115)],[np.float64(0.46)],[1],[0],[0],[2.823696899999959],['target'],194,0,194,0,492.8101618,,5,492.80074570000005,492.8101618,492.8101618,0.012714299999970535,495.62535799999995,[np.float64(-0.115)],[np.float64(0.46)],[1],[0],[0],[2.823696899999959],['target'],004,001,2025-09-29_17h41.59.906,Visual Search Experiment Bhumika Bajaj AU2320057,,2025.1.1,59.920712912677246,2025-09-29 17h42.09.700073 +0530,
195,0,195,[np.float64(-0.49625)],[np.float64(0.27375)],[1],[0],[0],[1.696673799999985],['target'],195,0,195,0,495.65219670000005,,5,495.6415017,495.65219670000005,495.65219670000005,0.015797700000007353,497.33831960000003,[np.float64(-0.49625)],[np.float64(0.27375)],[1],[0],[0],[1.696673799999985],['target'],004,001,2025-09-29_17h41.59.906,Visual Search Experiment Bhumika Bajaj AU2320057,,2025.1.1,59.920712912677246,2025-09-29 17h42.09.700073 +0530,
196,0,196,[np.float64(-0.3975)],[np.float64(0.305)],[1],[0],[0],[1.1558283000000529],['target'],196,0,196,0,497.3684744,,5,497.3590922,497.3684744,497.3684744,0.020514000000048327,498.51499199999995,[np.float64(-0.3975)],[np.float64(0.305)],[1],[0],[0],[1.1558283000000529],['target'],004,001,2025-09-29_17h41.59.906,Visual Search Experiment Bhumika Bajaj AU2320057,,2025.1.1,59.920712912677246,2025-09-29 17h42.09.700073 +0530,
197,0,197,[np.float64(-0.3225)],[np.float64(0.45375)],[1],[0],[0],[1.681829300000004],['target'],197,0,197,0,498.5436987,,5,498.53083699999996,498.5436987,498.5436987,0.015708599999925354,500.21274420000003,[np.float64(-0.3225)],[np.float64(0.45375)],[1],[0],[0],[1.681829300000004],['target'],004,001,2025-09-29_17h41.59.906,Visual Search Experiment Bhumika Bajaj AU2320057,,2025.1.1,59.920712912677246,2025-09-29 17h42.09.700073 +0530,
198,0,198,[np.float64(-0.0425)],[np.float64(0.12)],[1],[0],[0],[1.7626169999999775],['target'],198,0,198,0,500.23506260000005,,5,500.2263588,500.23506260000005,500.23506260000005,0.013459799999964162,501.9891601,[np.float64(-0.0425)],[np.float64(0.12)],[1],[0],[0],[1.7626169999999775],['target'],004,001,2025-09-29_17h41.59.906,Visual Search Experiment Bhumika Bajaj AU2320057,,2025.1.1,59.920712912677246,2025-09-29 17h42.09.700073 +0530,
199,0,199,[np.float64(0.425)],[np.float64(-0.20625)],[1],[0],[0],[3.3819376999999804],['target'],199,0,199,0,502.0266847,,10,502.01409970000003,502.0266847,502.0266847,0.024797100000000682,505.3961042,[np.float64(0.425)],[np.float64(-0.20625)],[1],[0],[0],[3.3819376999999804],['target'],004,001,2025-09-29_17h41.59.906,Visual Search Experiment Bhumika Bajaj AU2320057,,2025.1.1,59.920712912677246,2025-09-29 17h42.09.700073 +0530,
