word,color,condition,correctresponsekey,thisN,thisTrialN,thisRepN,key_resp.keys,key_resp.rt,key_resp.duration,trials.thisRepN,trials.thisTrialN,trials.thisN,trials.thisIndex,thisRow.t,notes,inst.started,fixation.started,key_resp_2.started,fixation.stopped,text.started,inst.stopped,key_resp_2.keys,key_resp_2.rt,key_resp_2.duration,trial.started,target.started,key_resp.started,trial.stopped,trials.key_resp.keys,trials.key_resp.rt,trials.key_resp.duration,target.stopped,key_resp.stopped,participant,session,date,expName,expVersion,psychopyVersion,frameRate,expStart
,,,,,,,,,,,,,,,,0.0029928,0.006774,0.006774,0.5147715,0.5147715,0.8723128,space,0.8476215,None,,,,,,,,,,P3,1,2025-11-24_17h52.04.989,Solo Lab Project Bhumika Bajaj AU2320057 PSY310,,2025.1.1,60.39788919,2025-11-24 17h52.36.621213 +0530
FORK,red,Incongruent,r,0,0,0,r,0.5058909,None,0,0,0,16,0.9041512,,,,,,,,,,,0.9003747,1.8801974,1.8801974,2.3982622,r,0.5058909,None,,,P3,1,2025-11-24_17h52.04.989,Solo Lab Project Bhumika Bajaj AU2320057 PSY310,,2025.1.1,60.39788919,2025-11-24 17h52.36.621213 +0530
GREEN,blue,Incongruent,b,1,1,0,k,0.4739091,None,0,1,1,1,2.4228231,,,,,,,,,,,2.4169277,3.4127501,3.4127501,3.8967545,k,0.4739091,None,,,P3,1,2025-11-24_17h52.04.989,Solo Lab Project Bhumika Bajaj AU2320057 PSY310,,2025.1.1,60.39788919,2025-11-24 17h52.36.621213 +0530
SAD,blue,Congruent,b,2,2,0,b,0.6951419,None,0,2,2,9,3.9130492,,,,,,,,,,,3.9053395,4.8970882,4.8970882,5.5988138,b,0.6951419,None,,,P3,1,2025-11-24_17h52.04.989,Solo Lab Project Bhumika Bajaj AU2320057 PSY310,,2025.1.1,60.39788919,2025-11-24 17h52.36.621213 +0530
LIKE,blue,Congruent,b,3,3,0,b,0.3785883,None,0,3,3,5,5.6138523,,,,,,,,,,,5.6053279,6.6135543,6.6135543,6.9978049,b,0.3785883,None,,,P3,1,2025-11-24_17h52.04.989,Solo Lab Project Bhumika Bajaj AU2320057 PSY310,,2025.1.1,60.39788919,2025-11-24 17h52.36.621213 +0530
TABLE,pink,Incongruent,p,4,4,0,p,0.8010869,None,0,4,4,14,7.0135878,,,,,,,,,,,7.0063686,8.0137095,8.0137095,8.8315716,p,0.8010869,None,,,P3,1,2025-11-24_17h52.04.989,Solo Lab Project Bhumika Bajaj AU2320057 PSY310,,2025.1.1,60.39788919,2025-11-24 17h52.36.621213 +0530
HAPPY,yellow,Congruent,k,5,5,0,k,0.5502033,None,0,5,5,11,8.8475629,,,,,,,,,,,8.8404016,9.8471313,9.8471313,10.3980194,k,0.5502033,None,,,P3,1,2025-11-24_17h52.04.989,Solo Lab Project Bhumika Bajaj AU2320057 PSY310,,2025.1.1,60.39788919,2025-11-24 17h52.36.621213 +0530
CHAIR,red,Incongruent,r,6,6,0,r,0.6305236,None,0,6,6,12,10.4138424,,,,,,,,,,,10.4054907,11.4140134,11.4140134,12.0480511,r,0.6305236,None,,,P3,1,2025-11-24_17h52.04.989,Solo Lab Project Bhumika Bajaj AU2320057 PSY310,,2025.1.1,60.39788919,2025-11-24 17h52.36.621213 +0530
KNIFE,blue,Incongruent,b,7,7,0,k,0.6420977,None,0,7,7,17,12.0641094,,,,,,,,,,,12.0531449,13.0468291,13.0468291,13.6976363,k,0.6420977,None,,,P3,1,2025-11-24_17h52.04.989,Solo Lab Project Bhumika Bajaj AU2320057 PSY310,,2025.1.1,60.39788919,2025-11-24 17h52.36.621213 +0530
PINK,yellow,Incongruent,k,8,8,0,p,0.5485942,None,0,8,8,3,13.7129893,,,,,,,,,,,13.7022173,14.7134084,14.7134084,15.264772,p,0.5485942,None,,,P3,1,2025-11-24_17h52.04.989,Solo Lab Project Bhumika Bajaj AU2320057 PSY310,,2025.1.1,60.39788919,2025-11-24 17h52.36.621213 +0530
PENCIL,pink,Incongruent,p,9,9,0,p,0.6359357,None,0,9,9,18,15.2866197,,,,,,,,,,,15.2797524,16.2801552,16.2801552,16.9314735,p,0.6359357,None,,,P3,1,2025-11-24_17h52.04.989,Solo Lab Project Bhumika Bajaj AU2320057 PSY310,,2025.1.1,60.39788919,2025-11-24 17h52.36.621213 +0530
GLOOMY,pink,Congruent,p,10,10,0,p,0.4270231,None,0,10,10,10,16.9535505,,,,,,,,,,,16.9480578,17.9304659,17.9304659,18.3642107,p,0.4270231,None,,,P3,1,2025-11-24_17h52.04.989,Solo Lab Project Bhumika Bajaj AU2320057 PSY310,,2025.1.1,60.39788919,2025-11-24 17h52.36.621213 +0530
ANGER,red,Congruent,r,11,11,0,r,0.65751,None,0,11,11,8,18.3805082,,,,,,,,,,,18.3724805,19.3629288,19.3629288,20.0318018,r,0.65751,None,,,P3,1,2025-11-24_17h52.04.989,Solo Lab Project Bhumika Bajaj AU2320057 PSY310,,2025.1.1,60.39788919,2025-11-24 17h52.36.621213 +0530
DISSAPPOINTED,blue,Conguent,b,12,12,0,b,0.6687835,None,0,12,12,13,20.0466679,,,,,,,,,,,20.0428858,21.046778,21.046778,21.7319327,b,0.6687835,None,,,P3,1,2025-11-24_17h52.04.989,Solo Lab Project Bhumika Bajaj AU2320057 PSY310,,2025.1.1,60.39788919,2025-11-24 17h52.36.621213 +0530
HATE,pink,Congruent,p,13,13,0,k,0.8016332,None,0,13,13,6,21.7465901,,,,,,,,,,,21.7392621,22.7467213,22.7467213,23.5628973,k,0.8016332,None,,,P3,1,2025-11-24_17h52.04.989,Solo Lab Project Bhumika Bajaj AU2320057 PSY310,,2025.1.1,60.39788919,2025-11-24 17h52.36.621213 +0530
CHANGE,yellow,Incongruent,k,14,14,0,k,0.674751,None,0,14,14,7,23.5789164,,,,,,,,,,,23.5678658,24.5631707,24.5631707,25.2481218,k,0.674751,None,,,P3,1,2025-11-24_17h52.04.989,Solo Lab Project Bhumika Bajaj AU2320057 PSY310,,2025.1.1,60.39788919,2025-11-24 17h52.36.621213 +0530
SPOON,yellow,Incongruent,k,15,15,0,k,0.6337211,None,0,15,15,15,25.2628082,,,,,,,,,,,25.2574976,26.2632288,26.2632288,26.9147445,k,0.6337211,None,,,P3,1,2025-11-24_17h52.04.989,Solo Lab Project Bhumika Bajaj AU2320057 PSY310,,2025.1.1,60.39788919,2025-11-24 17h52.36.621213 +0530
PEN,yellow,Incongruent,k,16,16,0,k,0.3966366,None,0,16,16,19,26.9302276,,,,,,,,,,,26.9240105,27.929668,27.929668,28.329394,k,0.3966366,None,,,P3,1,2025-11-24_17h52.04.989,Solo Lab Project Bhumika Bajaj AU2320057 PSY310,,2025.1.1,60.39788919,2025-11-24 17h52.36.621213 +0530
YELLOW,pink,Congruent,p,17,17,0,p,0.4693133,None,0,17,17,2,28.3462173,,,,,,,,,,,28.3347589,29.3303258,29.3303258,29.8145683,p,0.4693133,None,,,P3,1,2025-11-24_17h52.04.989,Solo Lab Project Bhumika Bajaj AU2320057 PSY310,,2025.1.1,60.39788919,2025-11-24 17h52.36.621213 +0530
RED,red,Congruent,r,18,18,0,r,0.9356987,None,0,18,18,0,29.8297436,,,,,,,,,,,29.8250726,30.8301271,30.8301271,31.7812016,r,0.9356987,None,,,P3,1,2025-11-24_17h52.04.989,Solo Lab Project Bhumika Bajaj AU2320057 PSY310,,2025.1.1,60.39788919,2025-11-24 17h52.36.621213 +0530
LOVE,red,Congruent,r,19,19,0,r,0.552032,None,0,19,19,4,31.8003225,,,,,,,,,,,31.7964709,32.7966443,32.7966443,33.3651822,r,0.552032,None,,,P3,1,2025-11-24_17h52.04.989,Solo Lab Project Bhumika Bajaj AU2320057 PSY310,,2025.1.1,60.39788919,2025-11-24 17h52.36.621213 +0530
DISSAPPOINTED,blue,Conguent,b,20,0,1,b,0.5900256,None,1,0,20,13,33.3821341,,,,,,,,,,,33.3771721,34.3794101,34.3794101,34.9806144,b,0.5900256,None,,,P3,1,2025-11-24_17h52.04.989,Solo Lab Project Bhumika Bajaj AU2320057 PSY310,,2025.1.1,60.39788919,2025-11-24 17h52.36.621213 +0530
GREEN,blue,Incongruent,b,21,1,1,b,0.4849815,None,1,1,21,1,34.9963595,,,,,,,,,,,34.9852055,35.9799503,35.9799503,36.4807113,b,0.4849815,None,,,P3,1,2025-11-24_17h52.04.989,Solo Lab Project Bhumika Bajaj AU2320057 PSY310,,2025.1.1,60.39788919,2025-11-24 17h52.36.621213 +0530
HATE,pink,Congruent,p,22,2,1,k,0.6982928,None,1,2,22,6,36.4969035,,,,,,,,,,,36.485798,37.4791561,37.4791561,38.1808447,k,0.6982928,None,,,P3,1,2025-11-24_17h52.04.989,Solo Lab Project Bhumika Bajaj AU2320057 PSY310,,2025.1.1,60.39788919,2025-11-24 17h52.36.621213 +0530
PENCIL,pink,Incongruent,p,23,3,1,b,0.6366055,None,1,3,23,18,38.1977062,,,,,,,,,,,38.1917249,39.1796425,39.1796425,39.8318046,b,0.6366055,None,,,P3,1,2025-11-24_17h52.04.989,Solo Lab Project Bhumika Bajaj AU2320057 PSY310,,2025.1.1,60.39788919,2025-11-24 17h52.36.621213 +0530
PEN,yellow,Incongruent,k,24,4,1,k,0.604175,None,1,4,24,19,39.8474967,,,,,,,,,,,39.8368552,40.8466275,40.8466275,41.4647162,k,0.604175,None,,,P3,1,2025-11-24_17h52.04.989,Solo Lab Project Bhumika Bajaj AU2320057 PSY310,,2025.1.1,60.39788919,2025-11-24 17h52.36.621213 +0530
PINK,yellow,Incongruent,k,25,5,1,k,0.4952606,None,1,5,25,3,41.4832278,,,,,,,,,,,41.476858,42.4801861,42.4801861,42.9810189,k,0.4952606,None,,,P3,1,2025-11-24_17h52.04.989,Solo Lab Project Bhumika Bajaj AU2320057 PSY310,,2025.1.1,60.39788919,2025-11-24 17h52.36.621213 +0530
SAD,blue,Congruent,b,26,6,1,b,0.6037546,None,1,6,26,9,42.9966114,,,,,,,,,,,42.9898098,43.9968738,43.9968738,44.6146393,b,0.6037546,None,,,P3,1,2025-11-24_17h52.04.989,Solo Lab Project Bhumika Bajaj AU2320057 PSY310,,2025.1.1,60.39788919,2025-11-24 17h52.36.621213 +0530
HAPPY,yellow,Congruent,k,27,7,1,b,0.7070233,None,1,7,27,11,44.6339479,,,,,,,,,,,44.6280571,45.6298105,45.6298105,46.3475,b,0.7070233,None,,,P3,1,2025-11-24_17h52.04.989,Solo Lab Project Bhumika Bajaj AU2320057 PSY310,,2025.1.1,60.39788919,2025-11-24 17h52.36.621213 +0530
LIKE,blue,Congruent,b,28,8,1,b,0.6192341,None,1,8,28,5,46.3626018,,,,,,,,,,,46.3562664,47.3465561,47.3465561,47.9809305,b,0.6192341,None,,,P3,1,2025-11-24_17h52.04.989,Solo Lab Project Bhumika Bajaj AU2320057 PSY310,,2025.1.1,60.39788919,2025-11-24 17h52.36.621213 +0530
GLOOMY,pink,Congruent,p,29,9,1,p,0.5828678,None,1,9,29,10,47.9960663,,,,,,,,,,,47.9905377,48.9951934,48.9951934,49.5799908,p,0.5828678,None,,,P3,1,2025-11-24_17h52.04.989,Solo Lab Project Bhumika Bajaj AU2320057 PSY310,,2025.1.1,60.39788919,2025-11-24 17h52.36.621213 +0530
FORK,red,Incongruent,r,30,10,1,b,0.7453722,None,1,10,30,16,49.5957286,,,,,,,,,,,49.5843165,50.5798035,50.5798035,51.3325538,b,0.7453722,None,,,P3,1,2025-11-24_17h52.04.989,Solo Lab Project Bhumika Bajaj AU2320057 PSY310,,2025.1.1,60.39788919,2025-11-24 17h52.36.621213 +0530
KNIFE,blue,Incongruent,b,31,11,1,b,0.7321756,None,1,11,31,17,51.3463335,,,,,,,,,,,51.3379985,52.3464532,52.3464532,53.0809408,b,0.7321756,None,,,P3,1,2025-11-24_17h52.04.989,Solo Lab Project Bhumika Bajaj AU2320057 PSY310,,2025.1.1,60.39788919,2025-11-24 17h52.36.621213 +0530
ANGER,red,Congruent,r,32,12,1,r,0.5702331,None,1,12,32,8,53.2652803,,,,,,,,,,,53.2381614,54.0824167,54.0824167,54.6654873,r,0.5702331,None,,,P3,1,2025-11-24_17h52.04.989,Solo Lab Project Bhumika Bajaj AU2320057 PSY310,,2025.1.1,60.39788919,2025-11-24 17h52.36.621213 +0530
CHANGE,yellow,Incongruent,k,33,13,1,k,0.45227,None,1,13,33,7,54.680951,,,,,,,,,,,54.6703519,55.6659064,55.6659064,56.1335445,k,0.45227,None,,,P3,1,2025-11-24_17h52.04.989,Solo Lab Project Bhumika Bajaj AU2320057 PSY310,,2025.1.1,60.39788919,2025-11-24 17h52.36.621213 +0530
YELLOW,pink,Congruent,p,34,14,1,None,,,1,14,34,2,56.1493328,,,,,,,,,,,56.1444958,57.1477278,57.1477278,58.1319788,None,,,58.1480663,58.1480663,P3,1,2025-11-24_17h52.04.989,Solo Lab Project Bhumika Bajaj AU2320057 PSY310,,2025.1.1,60.39788919,2025-11-24 17h52.36.621213 +0530
RED,red,Congruent,r,35,15,1,r,0.5988825,None,1,15,35,0,58.1480663,,,,,,,,,,,58.1365981,59.1484815,59.1484815,59.7500957,r,0.5988825,None,,,P3,1,2025-11-24_17h52.04.989,Solo Lab Project Bhumika Bajaj AU2320057 PSY310,,2025.1.1,60.39788919,2025-11-24 17h52.36.621213 +0530
TABLE,pink,Incongruent,p,36,16,1,b,0.4817349,None,1,16,36,14,59.7665484,,,,,,,,,,,59.760497,60.7655874,60.7655874,61.2506112,b,0.4817349,None,,,P3,1,2025-11-24_17h52.04.989,Solo Lab Project Bhumika Bajaj AU2320057 PSY310,,2025.1.1,60.39788919,2025-11-24 17h52.36.621213 +0530
CHAIR,red,Incongruent,r,37,17,1,r,0.5168672,None,1,17,37,12,61.265703,,,,,,,,,,,61.256095,62.2661512,62.2661512,62.8002649,r,0.5168672,None,,,P3,1,2025-11-24_17h52.04.989,Solo Lab Project Bhumika Bajaj AU2320057 PSY310,,2025.1.1,60.39788919,2025-11-24 17h52.36.621213 +0530
LOVE,red,Congruent,r,38,18,1,r,0.4151907,None,1,18,38,4,62.81591,,,,,,,,,,,62.8111448,63.8157585,63.8157585,64.233798,r,0.4151907,None,,,P3,1,2025-11-24_17h52.04.989,Solo Lab Project Bhumika Bajaj AU2320057 PSY310,,2025.1.1,60.39788919,2025-11-24 17h52.36.621213 +0530
SPOON,yellow,Incongruent,k,39,19,1,k,0.5189067,None,1,19,39,15,64.2487126,,,,,,,,,,,64.2423417,65.2484993,65.2484993,65.7839363,k,0.5189067,None,,,P3,1,2025-11-24_17h52.04.989,Solo Lab Project Bhumika Bajaj AU2320057 PSY310,,2025.1.1,60.39788919,2025-11-24 17h52.36.621213 +0530
CHAIR,red,Incongruent,r,40,0,2,r,0.5491008,None,2,0,40,12,65.8010874,,,,,,,,,,,65.796482,66.7984122,66.7984122,67.350758,r,0.5491008,None,,,P3,1,2025-11-24_17h52.04.989,Solo Lab Project Bhumika Bajaj AU2320057 PSY310,,2025.1.1,60.39788919,2025-11-24 17h52.36.621213 +0530
FORK,red,Incongruent,r,41,1,2,r,0.5313743,None,2,1,41,16,67.3662567,,,,,,,,,,,67.3605751,68.3654241,68.3654241,68.898012,r,0.5313743,None,,,P3,1,2025-11-24_17h52.04.989,Solo Lab Project Bhumika Bajaj AU2320057 PSY310,,2025.1.1,60.39788919,2025-11-24 17h52.36.621213 +0530
PINK,yellow,Incongruent,k,42,2,2,k,0.5103797,None,2,2,42,3,68.9147856,,,,,,,,,,,68.9024772,69.8990108,69.8990108,70.4162823,k,0.5103797,None,,,P3,1,2025-11-24_17h52.04.989,Solo Lab Project Bhumika Bajaj AU2320057 PSY310,,2025.1.1,60.39788919,2025-11-24 17h52.36.621213 +0530
SPOON,yellow,Incongruent,k,43,3,2,k,0.5558033,None,2,3,43,15,70.4325183,,,,,,,,,,,70.4206029,71.4152703,71.4152703,71.9836655,k,0.5558033,None,,,P3,1,2025-11-24_17h52.04.989,Solo Lab Project Bhumika Bajaj AU2320057 PSY310,,2025.1.1,60.39788919,2025-11-24 17h52.36.621213 +0530
PEN,yellow,Incongruent,k,44,4,2,k,0.4705241,None,2,4,44,19,71.9992428,,,,,,,,,,,71.9920581,72.9827435,72.9827435,73.4667832,k,0.4705241,None,,,P3,1,2025-11-24_17h52.04.989,Solo Lab Project Bhumika Bajaj AU2320057 PSY310,,2025.1.1,60.39788919,2025-11-24 17h52.36.621213 +0530
PENCIL,pink,Incongruent,p,45,5,2,p,0.4579755,None,2,5,45,18,73.4828081,,,,,,,,,,,73.4781736,74.4818515,74.4818515,74.9498776,p,0.4579755,None,,,P3,1,2025-11-24_17h52.04.989,Solo Lab Project Bhumika Bajaj AU2320057 PSY310,,2025.1.1,60.39788919,2025-11-24 17h52.36.621213 +0530
HAPPY,yellow,Congruent,k,46,6,2,k,0.6121398,None,2,6,46,11,74.964687,,,,,,,,,,,74.9606022,75.9652247,75.9652247,76.5834415,k,0.6121398,None,,,P3,1,2025-11-24_17h52.04.989,Solo Lab Project Bhumika Bajaj AU2320057 PSY310,,2025.1.1,60.39788919,2025-11-24 17h52.36.621213 +0530
GREEN,blue,Incongruent,b,47,7,2,r,0.7548283,None,2,7,47,1,76.5989748,,,,,,,,,,,76.592692,77.5988183,77.5988183,78.3662275,r,0.7548283,None,,,P3,1,2025-11-24_17h52.04.989,Solo Lab Project Bhumika Bajaj AU2320057 PSY310,,2025.1.1,60.39788919,2025-11-24 17h52.36.621213 +0530
LIKE,blue,Congruent,b,48,8,2,b,0.5496156,None,2,8,48,5,78.3817723,,,,,,,,,,,78.3747507,79.3648749,79.3648749,79.9168953,b,0.5496156,None,,,P3,1,2025-11-24_17h52.04.989,Solo Lab Project Bhumika Bajaj AU2320057 PSY310,,2025.1.1,60.39788919,2025-11-24 17h52.36.621213 +0530
YELLOW,pink,Congruent,p,49,9,2,p,0.4508755,None,2,9,49,2,79.9333442,,,,,,,,,,,79.9274325,80.9323435,80.9323435,81.398897,p,0.4508755,None,,,P3,1,2025-11-24_17h52.04.989,Solo Lab Project Bhumika Bajaj AU2320057 PSY310,,2025.1.1,60.39788919,2025-11-24 17h52.36.621213 +0530
RED,red,Congruent,r,50,10,2,r,0.6505344,None,2,10,50,0,81.4149462,,,,,,,,,,,81.4019933,82.4145213,82.4145213,83.0671209,r,0.6505344,None,,,P3,1,2025-11-24_17h52.04.989,Solo Lab Project Bhumika Bajaj AU2320057 PSY310,,2025.1.1,60.39788919,2025-11-24 17h52.36.621213 +0530
HATE,pink,Congruent,p,51,11,2,p,0.6311904,None,2,11,51,6,83.0823408,,,,,,,,,,,83.0718386,84.0821703,84.0821703,84.7158418,p,0.6311904,None,,,P3,1,2025-11-24_17h52.04.989,Solo Lab Project Bhumika Bajaj AU2320057 PSY310,,2025.1.1,60.39788919,2025-11-24 17h52.36.621213 +0530
DISSAPPOINTED,blue,Conguent,b,52,12,2,b,0.9212616,None,2,12,52,13,84.7320616,,,,,,,,,,,84.7217317,85.7153684,85.7153684,86.6500554,b,0.9212616,None,,,P3,1,2025-11-24_17h52.04.989,Solo Lab Project Bhumika Bajaj AU2320057 PSY310,,2025.1.1,60.39788919,2025-11-24 17h52.36.621213 +0530
SAD,blue,Congruent,b,53,13,2,b,0.5251138,None,2,13,53,9,86.6655095,,,,,,,,,,,86.6570857,87.6656272,87.6656272,88.2006239,b,0.5251138,None,,,P3,1,2025-11-24_17h52.04.989,Solo Lab Project Bhumika Bajaj AU2320057 PSY310,,2025.1.1,60.39788919,2025-11-24 17h52.36.621213 +0530
LOVE,red,Congruent,r,54,14,2,r,0.6252616,None,2,14,54,4,88.2160112,,,,,,,,,,,88.2103638,89.2153046,89.2153046,89.8479884,r,0.6252616,None,,,P3,1,2025-11-24_17h52.04.989,Solo Lab Project Bhumika Bajaj AU2320057 PSY310,,2025.1.1,60.39788919,2025-11-24 17h52.36.621213 +0530
CHANGE,yellow,Incongruent,k,55,15,2,k,0.6784274,None,2,15,55,7,89.8642431,,,,,,,,,,,89.8537499,90.848641,90.848641,91.5338374,k,0.6784274,None,,,P3,1,2025-11-24_17h52.04.989,Solo Lab Project Bhumika Bajaj AU2320057 PSY310,,2025.1.1,60.39788919,2025-11-24 17h52.36.621213 +0530
KNIFE,blue,Incongruent,b,56,16,2,k,0.6821447,None,2,16,56,17,91.5510952,,,,,,,,,,,91.5440571,92.5481018,92.5481018,93.2328267,k,0.6821447,None,,,P3,1,2025-11-24_17h52.04.989,Solo Lab Project Bhumika Bajaj AU2320057 PSY310,,2025.1.1,60.39788919,2025-11-24 17h52.36.621213 +0530
TABLE,pink,Incongruent,p,57,17,2,r,0.5722705,None,2,17,57,14,93.2500747,,,,,,,,,,,93.2432792,94.2318436,94.2318436,94.8165178,r,0.5722705,None,,,P3,1,2025-11-24_17h52.04.989,Solo Lab Project Bhumika Bajaj AU2320057 PSY310,,2025.1.1,60.39788919,2025-11-24 17h52.36.621213 +0530
ANGER,red,Congruent,r,58,18,2,r,0.5225238,None,2,18,58,8,94.8331917,,,,,,,,,,,94.826279,95.8313497,95.8313497,96.365969,r,0.5225238,None,,,P3,1,2025-11-24_17h52.04.989,Solo Lab Project Bhumika Bajaj AU2320057 PSY310,,2025.1.1,60.39788919,2025-11-24 17h52.36.621213 +0530
GLOOMY,pink,Congruent,p,59,19,2,p,0.6844617,None,2,19,59,10,96.381033,,,,,,,,,,,96.3705748,97.38184,97.38184,98.0825875,p,0.6844617,None,,,P3,1,2025-11-24_17h52.04.989,Solo Lab Project Bhumika Bajaj AU2320057 PSY310,,2025.1.1,60.39788919,2025-11-24 17h52.36.621213 +0530
SPOON,yellow,Incongruent,k,60,0,3,k,0.7136937,None,3,0,60,15,98.0982297,,,,,,,,,,,98.0878239,99.0815988,99.0815988,99.7992168,k,0.7136937,None,,,P3,1,2025-11-24_17h52.04.989,Solo Lab Project Bhumika Bajaj AU2320057 PSY310,,2025.1.1,60.39788919,2025-11-24 17h52.36.621213 +0530
TABLE,pink,Incongruent,p,61,1,3,k,0.560817,None,3,1,61,14,99.8154087,,,,,,,,,,,99.8037898,100.7987113,100.7987113,101.3657321,k,0.560817,None,,,P3,1,2025-11-24_17h52.04.989,Solo Lab Project Bhumika Bajaj AU2320057 PSY310,,2025.1.1,60.39788919,2025-11-24 17h52.36.621213 +0530
SAD,blue,Congruent,b,62,2,3,b,0.7036808,None,3,2,62,9,101.3816722,,,,,,,,,,,101.3694591,102.381863,102.381863,103.0982881,b,0.7036808,None,,,P3,1,2025-11-24_17h52.04.989,Solo Lab Project Bhumika Bajaj AU2320057 PSY310,,2025.1.1,60.39788919,2025-11-24 17h52.36.621213 +0530
LOVE,red,Congruent,r,63,3,3,r,0.6749345,None,3,3,63,4,103.1146817,,,,,,,,,,,103.1034943,104.0983834,104.0983834,104.7829111,r,0.6749345,None,,,P3,1,2025-11-24_17h52.04.989,Solo Lab Project Bhumika Bajaj AU2320057 PSY310,,2025.1.1,60.39788919,2025-11-24 17h52.36.621213 +0530
HAPPY,yellow,Congruent,k,64,4,3,k,0.649805,None,3,4,64,11,104.7986137,,,,,,,,,,,104.7927612,105.7827909,105.7827909,106.4492811,k,0.649805,None,,,P3,1,2025-11-24_17h52.04.989,Solo Lab Project Bhumika Bajaj AU2320057 PSY310,,2025.1.1,60.39788919,2025-11-24 17h52.36.621213 +0530
ANGER,red,Congruent,r,65,5,3,r,0.8890086,None,3,5,65,8,106.4675314,,,,,,,,,,,106.46319,107.4488833,107.4488833,108.3504264,r,0.8890086,None,,,P3,1,2025-11-24_17h52.04.989,Solo Lab Project Bhumika Bajaj AU2320057 PSY310,,2025.1.1,60.39788919,2025-11-24 17h52.36.621213 +0530
CHAIR,red,Incongruent,r,66,6,3,r,0.5022693,None,3,6,66,12,108.3659728,,,,,,,,,,,108.3606119,109.3649835,109.3649835,109.883179,r,0.5022693,None,,,P3,1,2025-11-24_17h52.04.989,Solo Lab Project Bhumika Bajaj AU2320057 PSY310,,2025.1.1,60.39788919,2025-11-24 17h52.36.621213 +0530
PINK,yellow,Incongruent,k,67,7,3,None,,,3,7,67,3,109.8981972,,,,,,,,,,,109.89261,110.8987763,110.8987763,111.8830313,None,,,111.8992641,111.8992641,P3,1,2025-11-24_17h52.04.989,Solo Lab Project Bhumika Bajaj AU2320057 PSY310,,2025.1.1,60.39788919,2025-11-24 17h52.36.621213 +0530
GREEN,blue,Incongruent,b,68,8,3,r,0.6520045,None,3,8,68,1,111.8992641,,,,,,,,,,,111.8947552,112.8974657,112.8974657,113.5650093,r,0.6520045,None,,,P3,1,2025-11-24_17h52.04.989,Solo Lab Project Bhumika Bajaj AU2320057 PSY310,,2025.1.1,60.39788919,2025-11-24 17h52.36.621213 +0530
FORK,red,Incongruent,r,69,9,3,r,0.73604,None,3,9,69,16,113.580906,,,,,,,,,,,113.5694863,114.5649755,114.5649755,115.3164056,r,0.73604,None,,,P3,1,2025-11-24_17h52.04.989,Solo Lab Project Bhumika Bajaj AU2320057 PSY310,,2025.1.1,60.39788919,2025-11-24 17h52.36.621213 +0530
RED,red,Congruent,r,70,10,3,r,0.492727,None,3,10,70,0,115.3321659,,,,,,,,,,,115.3273223,116.3317253,116.3317253,116.8325423,r,0.492727,None,,,P3,1,2025-11-24_17h52.04.989,Solo Lab Project Bhumika Bajaj AU2320057 PSY310,,2025.1.1,60.39788919,2025-11-24 17h52.36.621213 +0530
GLOOMY,pink,Congruent,p,71,11,3,r,0.6895067,None,3,11,71,10,116.8498827,,,,,,,,,,,116.8431195,117.8484891,117.8484891,118.5487216,r,0.6895067,None,,,P3,1,2025-11-24_17h52.04.989,Solo Lab Project Bhumika Bajaj AU2320057 PSY310,,2025.1.1,60.39788919,2025-11-24 17h52.36.621213 +0530
PENCIL,pink,Incongruent,p,72,12,3,k,0.4540953,None,3,12,72,18,118.5648447,,,,,,,,,,,118.5598211,119.5474807,119.5474807,120.0146852,k,0.4540953,None,,,P3,1,2025-11-24_17h52.04.989,Solo Lab Project Bhumika Bajaj AU2320057 PSY310,,2025.1.1,60.39788919,2025-11-24 17h52.36.621213 +0530
KNIFE,blue,Incongruent,b,73,13,3,k,0.5493668,None,3,13,73,17,120.0306801,,,,,,,,,,,120.0196562,121.0154676,121.0154676,121.5663853,k,0.5493668,None,,,P3,1,2025-11-24_17h52.04.989,Solo Lab Project Bhumika Bajaj AU2320057 PSY310,,2025.1.1,60.39788919,2025-11-24 17h52.36.621213 +0530
CHANGE,yellow,Incongruent,k,74,14,3,b,0.3763458,None,3,14,74,7,121.5867116,,,,,,,,,,,121.5780082,122.5648447,122.5648447,122.9504145,b,0.3763458,None,,,P3,1,2025-11-24_17h52.04.989,Solo Lab Project Bhumika Bajaj AU2320057 PSY310,,2025.1.1,60.39788919,2025-11-24 17h52.36.621213 +0530
PEN,yellow,Incongruent,k,75,15,3,p,0.5477473,None,3,15,75,19,122.9645958,,,,,,,,,,,122.9552874,123.9643433,123.9643433,124.515661,p,0.5477473,None,,,P3,1,2025-11-24_17h52.04.989,Solo Lab Project Bhumika Bajaj AU2320057 PSY310,,2025.1.1,60.39788919,2025-11-24 17h52.36.621213 +0530
YELLOW,pink,Congruent,p,76,16,3,r,0.5761255,None,3,16,76,2,124.5315487,,,,,,,,,,,124.5198597,125.5151433,125.5151433,126.0993816,r,0.5761255,None,,,P3,1,2025-11-24_17h52.04.989,Solo Lab Project Bhumika Bajaj AU2320057 PSY310,,2025.1.1,60.39788919,2025-11-24 17h52.36.621213 +0530
DISSAPPOINTED,blue,Conguent,b,77,17,3,k,0.3973105,None,3,17,77,13,126.1175319,,,,,,,,,,,126.111562,127.1151106,127.1151106,127.5154285,k,0.3973105,None,,,P3,1,2025-11-24_17h52.04.989,Solo Lab Project Bhumika Bajaj AU2320057 PSY310,,2025.1.1,60.39788919,2025-11-24 17h52.36.621213 +0530
LIKE,blue,Congruent,b,78,18,3,b,0.29149,None,3,18,78,5,127.5312059,,,,,,,,,,,127.5205134,128.5147072,128.5147072,128.8163358,b,0.29149,None,,,P3,1,2025-11-24_17h52.04.989,Solo Lab Project Bhumika Bajaj AU2320057 PSY310,,2025.1.1,60.39788919,2025-11-24 17h52.36.621213 +0530
HATE,pink,Congruent,p,79,19,3,k,0.6303261,None,3,19,79,6,128.8315864,,,,,,,,,,,128.8205902,129.8314845,129.8314845,130.4654337,k,0.6303261,None,,,P3,1,2025-11-24_17h52.04.989,Solo Lab Project Bhumika Bajaj AU2320057 PSY310,,2025.1.1,60.39788919,2025-11-24 17h52.36.621213 +0530
SAD,blue,Congruent,b,80,0,4,k,0.4978606,None,4,0,80,9,130.481581,,,,,,,,,,,130.4695772,131.4648653,131.4648653,131.96608,k,0.4978606,None,,,P3,1,2025-11-24_17h52.04.989,Solo Lab Project Bhumika Bajaj AU2320057 PSY310,,2025.1.1,60.39788919,2025-11-24 17h52.36.621213 +0530
YELLOW,pink,Congruent,p,81,1,4,k,0.5975937,None,4,1,81,2,131.9813449,,,,,,,,,,,131.9712107,132.981789,132.981789,133.5825903,k,0.5975937,None,,,P3,1,2025-11-24_17h52.04.989,Solo Lab Project Bhumika Bajaj AU2320057 PSY310,,2025.1.1,60.39788919,2025-11-24 17h52.36.621213 +0530
HAPPY,yellow,Congruent,k,82,2,4,k,0.3581401,None,4,2,82,11,133.5981929,,,,,,,,,,,133.5873564,134.5983573,134.5983573,134.9648747,k,0.3581401,None,,,P3,1,2025-11-24_17h52.04.989,Solo Lab Project Bhumika Bajaj AU2320057 PSY310,,2025.1.1,60.39788919,2025-11-24 17h52.36.621213 +0530
GLOOMY,pink,Congruent,p,83,3,4,k,0.3972452,None,4,3,83,10,134.9811192,,,,,,,,,,,134.9703206,135.9649665,135.9649665,136.3653991,k,0.3972452,None,,,P3,1,2025-11-24_17h52.04.989,Solo Lab Project Bhumika Bajaj AU2320057 PSY310,,2025.1.1,60.39788919,2025-11-24 17h52.36.621213 +0530
KNIFE,blue,Incongruent,b,84,4,4,k,0.3480042,None,4,4,84,17,136.381295,,,,,,,,,,,136.3700326,137.3650917,137.3650917,137.7147669,k,0.3480042,None,,,P3,1,2025-11-24_17h52.04.989,Solo Lab Project Bhumika Bajaj AU2320057 PSY310,,2025.1.1,60.39788919,2025-11-24 17h52.36.621213 +0530
SPOON,yellow,Incongruent,k,85,5,4,k,0.2773305,None,4,5,85,15,137.7313109,,,,,,,,,,,137.7194352,138.7143431,138.7143431,138.9981498,k,0.2773305,None,,,P3,1,2025-11-24_17h52.04.989,Solo Lab Project Bhumika Bajaj AU2320057 PSY310,,2025.1.1,60.39788919,2025-11-24 17h52.36.621213 +0530
PINK,yellow,Incongruent,k,86,6,4,k,0.3053623,None,4,6,86,3,139.0137679,,,,,,,,,,,139.0023412,139.9984064,139.9984064,140.3159339,k,0.3053623,None,,,P3,1,2025-11-24_17h52.04.989,Solo Lab Project Bhumika Bajaj AU2320057 PSY310,,2025.1.1,60.39788919,2025-11-24 17h52.36.621213 +0530
RED,red,Congruent,r,87,7,4,r,0.5480446,None,4,7,87,0,140.3314254,,,,,,,,,,,140.3200908,141.3154949,141.3154949,141.8658389,r,0.5480446,None,,,P3,1,2025-11-24_17h52.04.989,Solo Lab Project Bhumika Bajaj AU2320057 PSY310,,2025.1.1,60.39788919,2025-11-24 17h52.36.621213 +0530
FORK,red,Incongruent,r,88,8,4,b,0.5414069,None,4,8,88,16,141.8816482,,,,,,,,,,,141.8740901,142.8814743,142.8814743,143.4312727,b,0.5414069,None,,,P3,1,2025-11-24_17h52.04.989,Solo Lab Project Bhumika Bajaj AU2320057 PSY310,,2025.1.1,60.39788919,2025-11-24 17h52.36.621213 +0530
GREEN,blue,Incongruent,b,89,9,4,k,0.2840231,None,4,9,89,1,143.4468888,,,,,,,,,,,143.4362478,144.4310539,144.4310539,144.7307526,k,0.2840231,None,,,P3,1,2025-11-24_17h52.04.989,Solo Lab Project Bhumika Bajaj AU2320057 PSY310,,2025.1.1,60.39788919,2025-11-24 17h52.36.621213 +0530
LIKE,blue,Congruent,b,90,10,4,b,0.6431613,None,4,10,90,5,144.7468922,,,,,,,,,,,144.7359772,145.7314161,145.7314161,146.3825446,b,0.6431613,None,,,P3,1,2025-11-24_17h52.04.989,Solo Lab Project Bhumika Bajaj AU2320057 PSY310,,2025.1.1,60.39788919,2025-11-24 17h52.36.621213 +0530
PEN,yellow,Incongruent,k,91,11,4,b,0.364064,None,4,11,91,19,146.3977095,,,,,,,,,,,146.3912735,147.3982401,147.3982401,147.7646613,b,0.364064,None,,,P3,1,2025-11-24_17h52.04.989,Solo Lab Project Bhumika Bajaj AU2320057 PSY310,,2025.1.1,60.39788919,2025-11-24 17h52.36.621213 +0530
DISSAPPOINTED,blue,Conguent,b,92,12,4,b,0.4647749,None,4,12,92,13,147.7802472,,,,,,,,,,,147.7708953,148.7649179,148.7649179,149.2337046,b,0.4647749,None,,,P3,1,2025-11-24_17h52.04.989,Solo Lab Project Bhumika Bajaj AU2320057 PSY310,,2025.1.1,60.39788919,2025-11-24 17h52.36.621213 +0530
ANGER,red,Congruent,r,93,13,4,b,0.2834122,None,4,13,93,8,149.2479008,,,,,,,,,,,149.2421476,150.2477811,150.2477811,150.5330288,b,0.2834122,None,,,P3,1,2025-11-24_17h52.04.989,Solo Lab Project Bhumika Bajaj AU2320057 PSY310,,2025.1.1,60.39788919,2025-11-24 17h52.36.621213 +0530
CHAIR,red,Incongruent,r,94,14,4,b,0.328586,None,4,14,94,12,150.5496751,,,,,,,,,,,150.5437822,151.5485492,151.5485492,151.8823196,b,0.328586,None,,,P3,1,2025-11-24_17h52.04.989,Solo Lab Project Bhumika Bajaj AU2320057 PSY310,,2025.1.1,60.39788919,2025-11-24 17h52.36.621213 +0530
TABLE,pink,Incongruent,p,95,15,4,b,0.3148922,None,4,15,95,14,151.8994393,,,,,,,,,,,151.8930053,152.8817569,152.8817569,153.1992999,b,0.3148922,None,,,P3,1,2025-11-24_17h52.04.989,Solo Lab Project Bhumika Bajaj AU2320057 PSY310,,2025.1.1,60.39788919,2025-11-24 17h52.36.621213 +0530
PENCIL,pink,Incongruent,p,96,16,4,b,0.3207971,None,4,16,96,18,153.2177573,,,,,,,,,,,153.2105299,154.2148486,154.2148486,154.5496358,b,0.3207971,None,,,P3,1,2025-11-24_17h52.04.989,Solo Lab Project Bhumika Bajaj AU2320057 PSY310,,2025.1.1,60.39788919,2025-11-24 17h52.36.621213 +0530
LOVE,red,Congruent,r,97,17,4,r,0.6290402,None,4,17,97,4,154.5656662,,,,,,,,,,,154.5593603,155.5648092,155.5648092,156.1989737,r,0.6290402,None,,,P3,1,2025-11-24_17h52.04.989,Solo Lab Project Bhumika Bajaj AU2320057 PSY310,,2025.1.1,60.39788919,2025-11-24 17h52.36.621213 +0530
CHANGE,yellow,Incongruent,k,98,18,4,r,0.4644796,None,4,18,98,7,156.2147585,,,,,,,,,,,156.2078437,157.2146903,157.2146903,157.6824487,r,0.4644796,None,,,P3,1,2025-11-24_17h52.04.989,Solo Lab Project Bhumika Bajaj AU2320057 PSY310,,2025.1.1,60.39788919,2025-11-24 17h52.36.621213 +0530
HATE,pink,Congruent,p,99,19,4,r,0.4955926,None,4,19,99,6,157.6976818,,,,,,,,,,,157.6911159,158.6980478,158.6980478,159.1983336,r,0.4955926,None,,,P3,1,2025-11-24_17h52.04.989,Solo Lab Project Bhumika Bajaj AU2320057 PSY310,,2025.1.1,60.39788919,2025-11-24 17h52.36.621213 +0530
